date,uniswap_TVL,sushiswap_TVL,pancakeswap_TVL
2021-04-22,8964460212.96657,4173139046.1166,598.9983
2021-04-23,9000759944.914968,4224497480.43355,599.10692
2021-04-24,8980529828.19885,4089556428.10821,3116743127.38693
2021-04-25,8544298973.93619,3882057371.58042,4200814953.15774
2021-04-26,8908671744.37345,3888319144.48797,5061871302.14572
2021-04-27,9534621476.67224,4359660562.43308,5818611698.11748
2021-04-28,9754404639.6058,4537325667.45243,5980440232.76661
2021-04-29,10013094621.13007,4614231204.37489,6550698835.9345
2021-04-30,8370824971.919189,4608029525.52273,6832856647.61973
2021-05-01,8451882681.1065,5029490000.565,7086039793.72726
2021-05-02,8664590699.59394,5306280431.19617,7220972881.04072
2021-05-03,8596789091.91721,5224439923.93991,7795404389.15343
2021-05-04,9392185139.436329,5587128804.95731,7159796481.56641
2021-05-05,9024403276.53862,4995858235.33695,7658259263.51616
2021-05-06,9481490722.05386,5390469126.62334,7447507895.28771
2021-05-07,9289122041.5418,5501212845.61596,7348198261.40879
2021-05-08,9273075962.81711,5670922371.69791,7484004985.73558
2021-05-09,9911717785.55027,5865898688.50798,7497937817.99276
2021-05-10,9892409873.530062,5947164851.82612,7112034254.64145
2021-05-11,9767588045.95689,5470782997.91406,7420580483.85037
2021-05-12,10240438298.283798,5423339603.54385,6650813307.75378
2021-05-13,9341277013.9581,5196953459.13638,6289296275.7953
2021-05-14,9253060846.8576,4700660980.92069,6782799914.67353
2021-05-15,10106659035.040249,5399685782.2885,6423847614.0829
2021-05-16,9206625674.15342,4956888547.64654,6198470346.05666
2021-05-17,9106013473.61207,4933018013.15218,5657839254.55769
2021-05-18,8463957805.395531,4922896555.34257,5665108320.36881
2021-05-19,8659522797.115261,5217712304.48603,3435211605.45714
2021-05-20,6567601782.99276,3772321564.67132,3722309254.89918
2021-05-21,7338676360.50545,4197149417.62424,3176896199.01378
2021-05-22,6585963941.37226,3654335371.92352,3004992522.53177
2021-05-23,6232803047.16612,3486750545.76433,2571375474.52543
2021-05-24,5744753505.49348,3075475528.29357,3234371896.70937
2021-05-25,6945975867.573919,3706269283.03904,3314384081.31054
2021-05-26,7262825558.96356,3814678173.88851,3592481486.4713
2021-05-27,7625779715.9538,4201534344.90675,3615313085.02012
2021-05-28,7331574881.345401,4204965897.8448,3321758127.41522
2021-05-29,6888136308.7175,3895111345.81812,3123666732.8633
2021-05-30,6612691797.177,3812444433.49679,3290521420.67881
2021-05-31,6855373580.37871,3972130662.29665,3605056446.16561
2021-06-01,7455151691.83196,4434623888.65346,3704309560.2495
2021-06-02,7255029770.0435705,4370412312.51616,3869573585.98817
2021-06-03,7390168870.65963,4541259906.98223,4153210840.18918
2021-06-04,7651384796.8964405,4792390394.44654,3950948644.81578
2021-06-05,7288447665.57049,4504784397.45386,3915917952.61079
2021-06-06,7160372741.943069,4400542408.67435,3954185894.6322
2021-06-07,7306233929.72947,4530886097.89576,3817426422.30997
2021-06-08,6871423010.681971,4372733655.59847,3821510859.86943
2021-06-09,6792623210.87442,4372624044.50528,4089289176.68904
2021-06-10,6995526155.26778,4554008678.55852,4025184617.76695
2021-06-11,6711609497.161011,4465842408.19065,4059203645.31591
2021-06-12,6421932247.393559,4439379197.11897,4076187399.28147
2021-06-13,6422644756.47352,4505030515.86981,4243133540.26392
2021-06-14,6727907019.05871,4699694757.77313,4296371650.06647
2021-06-15,6843663065.26108,4766376459.66604,4287950728.20641
2021-06-16,6792195240.62191,4833257974.06489,4034349571.56025
2021-06-17,6442774015.72131,4449999827.7,4149657746.69523
2021-06-18,6542785679.035629,3815583529.91768,4042915548.68315
2021-06-19,6237281032.99645,3566237574.85299,4096185343.48911
2021-06-20,6128757251.14905,3538957905.84437,4140150259.69646
2021-06-21,6262811061.75455,3620756096.00361,3486654933.65186
2021-06-22,5347106523.91897,3120309117.86635,3216820730.47756
2021-06-23,5406384532.86879,2968604839.4004,3587789294.08696
2021-06-24,5641248255.300119,3065271299.26899,3725351460.72185
2021-06-25,5810176938.104099,3130899655.0069,3539372753.98037
2021-06-26,5424493768.90904,2924931857.19255,3555180997.36368
2021-06-27,5420240082.423941,2872439889.81905,3688324647.51035
2021-06-28,5718165946.92295,3088218829.5324,3846177810.99431
2021-06-29,5853340265.37414,3196176069.11421,3925013294.79165
2021-06-30,6011769447.13619,3359893867.77964,3960633203.04061
2021-07-01,6201591160.701329,3465358807.74796,3820142575.20299
2021-07-02,5929363553.68332,3296044221.99687,3892220472.09982
2021-07-03,6008501221.12742,3364763420.29152,4007213544.30414
2021-07-04,6067744258.3195095,3461672431.01606,4175799900.3947
2021-07-05,6166622344.79293,3550102209.00956,4125132218.11137
2021-07-06,6011355225.272711,3450902933.98878,4296260438.21833
2021-07-07,6193949559.11694,3536522432.52188,4330354963.97022
2021-07-08,6128233382.01935,3464325903.47397,4150552118.00223
2021-07-09,5793591622.08371,3281788006.79845,4292602130.71814
2021-07-10,5880861471.4425,3374360075.92346,4327686273.27793
2021-07-11,5803724640.989335,3334875215.66256,4371474468.07933
2021-07-12,5845550241.85102,3368521829.96858,4418942776.86817
2021-07-13,5570914760.45224,3288422955.72075,4358645580.31741
2021-07-14,5415290112.54431,3180371073.71133,4349491683.48555
2021-07-15,5478409169.9424305,3076598662.03154,3953961187.77516
2021-07-16,5358121053.69739,3076441119.4241,3789459848.05123
2021-07-17,5281615690.42793,2958453451.22014,3735083910.62835
2021-07-18,5304704166.07346,3068859418.37657,3775617446.30774
2021-07-19,5297304958.93048,3080067060.77231,3551121998.39034
2021-07-20,5117731464.58976,2969850083.69909,3484987287.22922
2021-07-21,5040752681.91963,2838052177.09478,3705480755.91709
2021-07-22,5437565525.53107,3032055902.67395,3757286320.40454
2021-07-23,5523737730.67893,3151497916.01475,4018821259.30731
2021-07-24,5727065113.41601,3283142753.08629,4294946368.87591
2021-07-25,5672852562.80752,3363800554.65406,4501809019.67512
2021-07-26,5706719072.691589,3403726783.56794,4605795345.97971
2021-07-27,5769063868.608681,3491238839.93428,4684196479.32456
2021-07-28,5924559245.9145,3581166638.13756,4683671937.4696
2021-07-29,5943935395.00572,3625857645.86177,4676517043.67161
2021-07-30,6131641496.739771,3754633315.89997,4747967034.37665
2021-07-31,6285263052.08133,3857820938.79057,4831047746.14559
2021-08-01,6331734205.723391,3952116817.57637,4782302908.74539
2021-08-02,6266690640.49424,3866773247.69592,4767299971.63691
2021-08-03,6397641096.07732,3931628394.42953,4734856432.33184
2021-08-04,6197443099.57761,3869962276.47352,4895466134.87774
2021-08-05,6490600069.30643,4056377215.479,4917230150.31344
2021-08-06,6694713671.86446,4147354518.22703,5099023098.63065
2021-08-07,6797639251.67016,4207659862.72654,5248166106.75391
2021-08-08,7184593786.853439,4430929736.9216,5134631635.14599
2021-08-09,6953674226.35159,4247907282.72334,5183159783.34525
2021-08-10,7081551223.6615505,4400026657.03051,5339410914.80162
2021-08-11,7077723855.98593,4396338560.71392,5380917707.24655
2021-08-12,7139617384.85742,4487199447.17839,5314017715.41203
2021-08-13,6951238980.57632,4417992409.65261,5618053531.26778
2021-08-14,7377769177.79157,4689937880.66785,5583206191.73829
2021-08-15,7471604464.385679,4595189033.38367,5674429787.8301
2021-08-16,7467726664.503,4693499095.98103,5623557114.58713
2021-08-17,7210922379.087179,4614055592.61324,5439629626.30373
2021-08-18,6993208405.753361,4453667044.99284,5455229300.5405
2021-08-19,7064590208.692959,4502829338.23936,5760411848.3907
2021-08-20,7172865286.48358,4730156195.65523,6094919386.24327
2021-08-21,7289007490.71781,4860667384.73261,6045418155.50188
2021-08-22,7252016376.55156,4823406245.10162,6005324417.65027
2021-08-23,7337955626.092191,4827438850.81311,6415459676.55298
2021-08-24,7454674305.249651,4894372528.108,6089170141.47917
2021-08-25,7270973581.8054695,4669663590.45684,6507977807.87993
2021-08-26,7378740494.090099,4680602396.33257,6325576589.3285
2021-08-27,7188004794.06768,4531628942.49817,6429160944.14882
2021-08-28,7516912711.9789295,4741379869.79935,6269099688.59292
2021-08-29,7471240389.701981,4719915056.30488,6185533202.37137
2021-08-30,7494385464.254221,4710739973.58873,5897020927.12656
2021-08-31,7405565360.43792,4657513505.04703,5743608591.89077
2021-09-01,7673667828.065701,4864623491.42731,5936425601.38418
2021-09-02,7979090279.00906,5251741701.53327,5904352792.03049
2021-09-03,7854641463.03576,5204792623.72749,5843503063.68139
2021-09-04,7947297059.7554,5335454394.29428,5908911697.75439
2021-09-05,7913680284.792971,5284310371.06387,5967220817.10232
2021-09-06,8033714411.65466,5416321297.70209,5910555765.692
2021-09-07,7954324563.8753395,5357027573.94396,5055817928.02964
2021-09-08,7012140265.00124,4597499066.94447,5093439932.6732
2021-09-09,7070202462.2925,4530851964.41149,5225095017.68675
2021-09-10,7020398796.44001,4474824812.97065,5050468458.49819
2021-09-11,6698235734.2085495,4222647773.9829,5095229078.84053
2021-09-12,6817781065.433391,4278689331.78027,5209340196.92395
2021-09-13,7073618050.341861,4497920355.27671,5063817886.58869
2021-09-14,6857536833.91486,4663082199.1255,5405062188.06617
2021-09-15,7123162131.82259,4917141612.73472,5645746885.37938
2021-09-16,7393674077.271649,4880414669.14931,5591120417.18613
2021-09-17,7348472698.47164,4810694750.93639,5397546802.28939
2021-09-18,7175547750.281231,4824668460.53261,5453844155.93101
2021-09-19,7252574257.55779,4761116669.21696,5495132534.72138
2021-09-20,7139915230.87517,4165744276.12478,4829616406.54218
2021-09-21,6507259443.74789,3955122739.74699,4596639078.88912
2021-09-22,6170312914.85692,4355754109.13242,4955498831.37767
2021-09-23,6717620184.49182,4544870829.94791,5060582497.31949
2021-09-24,6883589228.62347,4223152410.3706,4815350164.17877
2021-09-25,6545866942.3185005,4254668697.33732,4816095756.21803
2021-09-26,6577330976.82053,4442336528.76988,4788370470.46094
2021-09-27,6762910494.05391,4264907244.57669,4782383360.74876
2021-09-28,6564255523.199221,4105018553.35973,4764396940.01805
2021-09-29,6360946577.77721,4156082756.83558,4678465677.34547
2021-09-30,6491019171.072041,4317762863.15406,4591479388.06739
2021-10-01,6713972168.34513,4697819706.75197,4813141803.09963
2021-10-02,7161543448.53874,4796241886.86416,4820447920.47004
2021-10-03,7291533966.81156,4874370594.17323,4806715359.35666
2021-10-04,7287895381.6124,4863523234.14118,4802709764.73287
2021-10-05,7223779505.86607,5067231667.65525,4921899976.607
2021-10-06,7410456920.24749,5004305077.08382,4875571819.80839
2021-10-07,7485323262.360359,5084674363.86681,4865116611.40161
2021-10-08,7520032987.86952,5110889481.29403,5217275875.59191
2021-10-09,7517033594.329981,5142455048.05456,5340467068.63782
2021-10-10,7512137362.630461,5129918222.26126,5183493885.20769
2021-10-11,7280394306.548651,5026918040.81884,5290040897.90513
2021-10-12,7401237435.823991,5161385467.74084,5498376943.93153
2021-10-13,7352299127.79317,5192038675.10186,5325615552.24094
2021-10-14,7544163813.78898,5220150711.98515,5201696443.52982
2021-10-15,7731522666.486921,5457930965.37532,5243328086.91902
2021-10-16,7848502205.54498,5676401545.38128,5156856589.00436
2021-10-17,7840945380.128961,5711038552.95267,5219027633.40979
2021-10-18,7910928624.46115,5720464492.39685,5227596740.57062
2021-10-19,7763808771.43059,5687969968.65561,5260367709.16953
2021-10-20,7976971777.7624,5844660779.92188,5361791544.69347
2021-10-21,8321242879.86141,6147543861.99679,5499099259.924
2021-10-22,8142107718.804729,5854455476.25494,5661931373.78277
2021-10-23,8044946315.69257,5796306315.16296,5718021386.74393
2021-10-24,8302334760.10206,6031051726.03312,5647734632.01053
2021-10-25,8200708502.20531,6021662944.74775,5742467225.54674
2021-10-26,8429075443.6056,6246803860.48318,5831989924.66287
2021-10-27,8325756961.02758,6200962710.16945,5447135921.68432
2021-10-28,8084547417.3192005,5850330188.7437,5643762662.35861
2021-10-29,8595263781.37691,6255730727.93469,5898588300.73639
2021-10-30,8892659635.62854,6438690848.65642,5815513186.46532
2021-10-31,8812269786.96356,6459085312.70216,5758975045.93682
2021-11-01,8829297998.83451,6448059508.72484,5884102136.4871
2021-11-02,8913978525.878601,6493919352.14482,5954735059.05344
2021-11-03,9262985545.994171,6856762471.25314,6076878824.57768
2021-11-04,9326285672.591051,6817989025.92773,6073386196.95544
2021-11-05,9152349063.718801,6805695211.33768,6302845502.14843
2021-11-06,9131419016.589321,6655016260.2047,6401793892.62663
2021-11-07,9296258958.56757,6686203227.45957,6478550389.35708
2021-11-08,9570460496.89513,6907350411.03402,6557379136.42343
2021-11-09,9900273258.76564,7037692107.84198,6397502965.85453
2021-11-10,9788226052.716911,6899045945.76503,6220933600.11075
2021-11-11,9781250324.55667,6609126039.28257,6366974071.9817
2021-11-12,10013176116.1338,6185528108.67668,6347105400.7211
2021-11-13,10073899700.8027,6089928516.18605,6519980006.69348
2021-11-14,10079075164.159811,6068830712.12254,6566433405.71322
2021-11-15,10113750935.85735,6150535633.06818,6496397441.21144
2021-11-16,9969369664.22621,5828333363.29249,6115730798.40818
2021-11-17,9442090087.33885,5482824497.00384,6184578111.58617
2021-11-18,9656851225.03336,5615544868.55444,5912045439.01857
2021-11-19,9039930108.78704,5272965900.13734,6268391668.34085
2021-11-20,9647431429.43209,5464790638.52423,6540721397.79693
2021-11-21,9863265061.31724,5580321664.51499,6284867229.10821
2021-11-22,9609457751.68394,5529347738.89404,6098056446.49954
2021-11-23,9325646366.83046,5398743690.72839,6394585633.13967
2021-11-24,9705019906.78309,5506444035.81312,6361597113.37115
2021-11-25,9605517384.92931,5512174658.03132,6694612861.85718
2021-11-26,10000223221.30204,5660866838.02212,6153073430.1679
2021-11-27,9110466531.70038,5269359000.65909,6231521036.28134
2021-11-28,9312325175.45644,5171383259.26443,6358794399.7691
2021-11-29,9545784811.44027,6537547437.14195,6501259381.94761
2021-11-30,9927063307.28684,6575282334.36573,6542694210.86237
2021-12-01,10059210914.2141,6696952438.5266,6514802157.03399
2021-12-02,9973033928.325771,6497740335.40788,6504847123.44709
2021-12-03,9915264402.81459,6312704689.91483,6277814398.59357
2021-12-04,9545773018.83895,5954326361.37964,5872193637.47595
2021-12-05,9293384614.19562,5755899534.86459,5806948261.20065
2021-12-06,9287254087.314411,5737149691.87878,5825199587.90457
2021-12-07,9558884199.82844,5860307435.69257,5709645689.8148
2021-12-08,9523459448.82865,5853272833.41703,5862577715.88184
2021-12-09,9722808749.73847,5893127464.42597,5523932342.81726
2021-12-10,8989697029.71714,5168964624.90086,5370654985.09749
2021-12-11,8657437272.8768,5006817717.01508,5466084199.58702
2021-12-12,8943078083.117931,5118802795.55808,5532310970.3444
2021-12-13,9026350562.012909,5213532501.5369,5159678313.82538
2021-12-14,8391900243.096041,4867208826.02685,5280359081.285
2021-12-15,8410111848.339809,4820443994.36134,5521061852.46066
2021-12-16,8678547003.0622,5046884114.71079,5462998297.33424
2021-12-17,8604577482.588581,4977631866.62065,5431311570.1929
2021-12-18,8447646719.97991,4862258375.05007,5503209489.56361
2021-12-19,8615627221.91301,4941927811.30127,5490750768.64217
2021-12-20,8564888472.654499,4993434743.46485,5427754537.36096
2021-12-21,8640799693.36598,4251174457.91906,5542600129.88157
2021-12-22,8843789899.71564,4303605904.41731,5514789999.44604
2021-12-23,8823828761.475609,4307564775.88643,5640150056.53508
2021-12-24,9030388312.0621,4428581560.06732,5622665008.04315
2021-12-25,8973577468.57882,4316211767.12734,5683607691.44679
2021-12-26,9081427191.86784,4357731096.84396,5678675920.98236
2021-12-27,9075724873.51184,4273668520.28473,5799955525.17835
2021-12-28,9043397493.72332,4175817324.54408,5590953490.52061
2021-12-29,8567760705.42005,4035285234.95185,5449014284.28316
2021-12-30,8307624860.38713,3883325342.67808,5483115957.08686
2021-12-31,8399903438.0002,3967358555.63983,5427373581.84957
2022-01-01,8367172699.69406,3906818655.56388,5526971269.07704
2022-01-02,8575510725.85395,4033817741.96875,5576011814.29332
2022-01-03,8733335307.05735,4066682618.21584,5472756749.10963
2022-01-04,9003343377.27688,4079458641.82386,5471889714.77802
2022-01-05,8780290435.473999,4048093262.81812,5179895966.04914
2022-01-06,8343232677.49515,3821667204.05055,5127724493.93559
2022-01-07,8242298788.663321,3734143871.54263,4914025681.7584
2022-01-08,7736360123.39731,3535050339.44429,4792696308.43404
2022-01-09,7580753659.538311,3437699148.44,4871257647.78652
2022-01-10,7971662362.13026,3585254830.32347,4753400700.06192
2022-01-11,7623718242.829319,3436490120.05695,4957359987.34503
2022-01-12,7953314657.09894,3620115261.13748,5121681383.2038
2022-01-13,8057652346.39475,3895421840.3125,5003275056.87176
2022-01-14,7770415906.95553,3662922166.32368,5080661803.95663
2022-01-15,7943394394.30242,3677231561.9815,5101657271.83073
2022-01-16,8009250218.82769,3570828698.78058,5090978421.49738
2022-01-17,8108964730.56158,3566443203.94093,4933723341.33533
2022-01-18,7848538570.92638,3562229621.93229,4883987549.7112
2022-01-19,7934683778.94369,3511290083.79959,4819335001.53095
2022-01-20,7805586292.45885,3449258330.45843,4711193422.65822
2022-01-21,7621652194.95616,3433785248.85864,4249831316.03036
2022-01-22,6651283374.43452,2927258276.34312,3978857175.14178
2022-01-23,6275856917.32122,2718289339.29614,4206615993.02504
2022-01-24,6478192489.90201,2826520980.88513,4090663181.62192
2022-01-25,6113269483.818541,2739275691.92897,4226273358.97562
2022-01-26,6285609711.80848,2770250911.64344,4124491428.75776
2022-01-27,6255039813.98753,2691422456.31738,4196633362.84392
2022-01-28,6198395061.9932995,2590601792.85592,4286755096.99936
2022-01-29,6465893346.004839,2727761261.86171,4298854101.74502
2022-01-30,6586485286.22006,2799854517.49749,4207965242.16503
2022-01-31,6554040619.41034,2808895717.21803,4207423379.33329
2022-02-01,6699853232.82749,2915856457.72439,4279352959.7006
2022-02-02,6895047053.9,2987173678.59831,4152495161.47911
2022-02-03,6730963572.41813,2879200787.75144,4280223434.54707
2022-02-04,6804263276.6288395,2869516968.02952,4584548668.13016
2022-02-05,7192231180.49478,3081819718.48998,4675255833.68237
2022-02-06,7400946163.01391,3160020094.93058,4717786396.51867
2022-02-07,7538743136.45568,3199495566.05764,4837225120.11224
2022-02-08,7643994669.645599,2639219053.47522,4732398837.21086
2022-02-09,7615730091.21771,2613645575.17143,4849262417.26264
2022-02-10,7834690908.18141,2717820619.45042,4774628622.9307
2022-02-11,7547052313.236919,2587940542.46234,4665184295.91061
2022-02-12,7212945054.126,2474625149.065,4699072551.66855
2022-02-13,7233427265.24874,2462398727.8327,4685626726.121
2022-02-14,7239680079.084061,2426307235.94531,4718375898.57653
2022-02-15,7309673689.85108,2448048167.50308,4834429028.13656
2022-02-16,7700853617.23779,2607536527.84307,4730035924.14072
2022-02-17,7726605722.937559,2584612954.25565,4545265903.67194
2022-02-18,7352063885.511,2389282691.37121,4546572115.61802
2022-02-19,7181681023.686871,2319716767.40053,4527859150.92956
2022-02-20,7029656770.71634,2282289949.91367,4353256179.37134
2022-02-21,6808237340.786341,2203315720.26999,4264852727.82903
2022-02-22,6656982338.66308,2137535377.86605,4399184686.96898
2022-02-23,6740913191.37146,2170557444.92854,4348201174.35791
2022-02-24,6659410685.208799,2124427327.86269,4258851474.93678
2022-02-25,6615667555.73324,2081106492.10773,4355160887.89557
2022-02-26,6894382171.66002,2183620126.66073,4349876213.3835
2022-02-27,6908531913.54002,2181026782.58182,4273227537.39121
2022-02-28,6705808814.565821,2052513519.15446,4541815965.56994
2022-03-01,7185693332.10666,2221762023.92028,4517505576.47304
2022-03-02,7385118042.35582,2262757793.70142,4458986298.46947
2022-03-03,7386788129.02478,2254956372.10471,4414278773.40693
2022-03-04,7218740676.43214,2182257867.21818,4220784943.67791
2022-03-05,6836725505.44669,2027629356.68871,4289110338.52364
2022-03-06,6955545553.52825,2044939661.53768,4207524695.3455
2022-03-07,6731536470.9993305,1959301254.60679,4230146162.08159
2022-03-08,6626844547.58212,1907742998.43206,4211473263.6699
2022-03-09,6716217804.195089,1939232425.67595,4441805206.10265
2022-03-10,6940795558.78511,2024586729.3239,4343536926.3185
2022-03-11,6790080729.88122,1937166798.86864,4349413405.54996
2022-03-12,6721823201.297859,1916459392.016,4363125910.42297
2022-03-13,6751946841.78503,1939266478.2945,4276637179.46303
2022-03-14,6629038569.4557495,1901144473.2052,4365505990.33469
2022-03-15,6736471997.99563,1930223477.33803,4343733500.25799
2022-03-16,6770323472.7464,1941970023.87183,4458907703.15519
2022-03-17,7569397640.24264,2023698349.44043,4538498304.59437
2022-03-18,7056947418.204639,2043782496.68891,4585289706.56956
2022-03-19,7234852573.99761,2091307667.87012,4608723580.02023
2022-03-20,7294828155.781731,2079939260.60626,4521589871.9534
2022-03-21,7161819021.70053,2030703771.80694,4541134073.01036
2022-03-22,7202182910.97698,2055576608.10351,4633027118.72379
2022-03-23,7366292363.64488,2104323786.08821,4702746822.45395
2022-03-24,7373787638.45682,2153812813.16434,4791056540.0449
2022-03-25,7337305115.84637,2195344936.78671,4779532335.75586
2022-03-26,7298458875.247761,2189255693.00247,4853078598.85375
2022-03-27,7373192774.48859,2218153180.85929,4976482066.14712
2022-03-28,7601943335.964121,2309578701.53409,4989489590.78051
2022-03-29,7603250424.111179,2325266754.08423,5061752416.90338
2022-03-30,7748785180.61315,2335923176.55006,5161936418.25741
2022-03-31,7805567194.57354,2305821839.16216,5037136189.45411
2022-04-01,7638674803.88295,2241848175.80453,5186690253.97597
2022-04-02,7898430158.00391,2343970728.30543,5073556236.35565
2022-04-03,7911404363.47853,2340135628.69778,5182971583.38441
2022-04-04,8042333838.50163,2373451715.74694,5167995980.20012
2022-04-05,8057814481.7627,2362807892.19875,5101533469.21758
2022-04-06,7939436923.03775,2308677492.01907,4861615801.68889
2022-04-07,7633126538.3936,2157579006.23741,4998102356.80348
2022-04-08,7783577874.45115,2195354049.55309,4903256323.60986
2022-04-09,7646106144.966061,2145278487.11097,4980805202.2607
2022-04-10,7773161289.1833,2197426107.22636,4941465288.50357
2022-04-11,7683614070.81822,2169887271.19754,4755497722.3621
2022-04-12,7211679793.35616,2024258282.77651,4882889355.32922
2022-04-13,7313472924.85891,2043556382.01369,4961676441.51618
2022-04-14,7437424656.9001,2101807825.13687,4879292852.12273
2022-04-15,7297972373.344151,2046917506.14274,4908008232.63034
2022-04-16,7323110573.34252,2051925815.34246,4928211838.02746
2022-04-17,7389090384.822479,2073810913.71729,4858426508.19058
2022-04-18,7199679391.89631,2022775040.43298,4945515643.57808
2022-04-19,7328871570.541639,2048146161.26236,5010976489.89996
2022-04-20,7402222668.459471,2074197909.04613,5150337659.69096
2022-04-21,7373351666.618269,2072728753.193,4997974838.21292
2022-04-22,7120297342.129601,1998280886.40001,5027587054.74353
2022-04-23,7079532281.63467,1985339272.29802,5013992044.47861
2022-04-24,7051063381.07246,1971596559.08528,5009729793.06059
2022-04-25,7019441607.698759,1958498623.03752,5077429660.98642
2022-04-26,7166239628.5084505,2001140150.83814,4903739089.56744
2022-04-27,6848195831.12573,1864293026.21389,4936630250.16405
2022-04-28,6990092521.74725,1914502011.33634,4900548264.24087
2022-04-29,7027490777.314991,1879349147.40464,4710574062.02564
2022-04-30,6826955441.938721,1803830996.48339,4577702579.7446
2022-05-01,6637379915.117371,1732030512.18399,4679395593.95225
2022-05-02,6790724561.470449,1769205187.45977,4677555134.22311
2022-05-03,6829294646.01758,1767320499.43206,4618599781.30209
2022-05-04,6740599483.33502,1725825056.20001,4793639696.88529
2022-05-05,7028778969.96689,1804827878.9688,4605277948.37682
2022-05-06,6731232599.6104,1687377442.0597,4706200883.11551
2022-05-07,6702682769.43285,1649551633.7484,4639742183.73555
2022-05-08,6645682182.60147,1625819093.3397,4535380508.86525
2022-05-09,6446556340.60166,1561454706.5997,3972645563.96771
2022-05-10,5763115297.83503,1377567965.31095,4142849736.88023
2022-05-11,5895817602.47962,1392886561.84441,3703099164.45989
2022-05-12,5192032082.78372,1210921141.35422,3618737120.62721
2022-05-13,5285249117.9534,1111354257.58754,3491077697.05369
2022-05-14,5497509034.37459,1131197793.69853,3686527087.7304
2022-05-15,5622363904.82547,1153524027.25232,3830376510.15858
2022-05-16,5737913107.99275,1189024128.39848,3925898767.94282
2022-05-17,5584448110.22707,1132505031.39695,3938752290.44405
2022-05-18,5741758890.752399,1158038287.60759,4074949046.58727
2022-05-19,5444001735.92012,1074518604.51782,3965963350.72464
2022-05-20,5664240995.07732,1055577602.56021,4126744625.77201
2022-05-21,5740733931.967501,1029862601.94963,4095216026.12083
2022-05-22,5774853182.23156,1037668160.93699,4187445943.28
2022-05-23,5901300693.55556,1066614928.26671,4235576549.63535
2022-05-24,5772396198.41008,1034337201.34883,4200359598.01473
2022-05-25,5802810756.29127,1039194471.52021,4270171364.98773
2022-05-26,5745062849.02232,1024249564.89278,4239447047.21676
2022-05-27,5524831334.52062,964004733.0096,4055021851.11823
2022-05-28,5393060454.04788,927288297.44772,4071213710.8693
2022-05-29,5556433998.54152,959811641.96203,4060919719.64183
2022-05-30,5580383191.73024,969001044.74782,3979357315.91049
2022-05-31,5844129688.59679,1050290983.2587,4107242317.42765
2022-06-01,5816784906.546081,1030715706.63525,4080741871.68211
2022-06-02,5588841458.44754,973239656.05115,3859358615.63094
2022-06-03,5678044375.38521,970141369.40706,3921766581.86267
2022-06-04,5599352258.44788,962904459.41494,3855546345.14503
2022-06-05,5204443389.43267,973002951.79232,3853061640.2389
2022-06-06,5225689144.05515,971572553.94071,3865050447.2166
2022-06-07,5392936309.128759,994272042.65102,3768411879.6408
2022-06-08,5398014235.852799,978526424.27061,3814711967.30961
2022-06-09,5449013677.73201,958713770.15121,3783308077.94833
2022-06-10,5454215607.85781,952251823.0441,3768539630.92125
2022-06-11,5264902835.59927,893970007.1569,3758637892.20827
2022-06-12,4953401068.93288,835770622.48353,3776875395.68072
2022-06-13,4738752403.17429,787793650.2026,3765959810.74595
2022-06-14,4339574950.0182705,670680189.56819,3017333283.58076
2022-06-15,4302855469.029409,650609838.67962,3052708567.34318
2022-06-16,4337898381.64662,626090090.22539,3062291748.0485
2022-06-17,4196723237.34771,561184520.75119,2938682471.43174
2022-06-18,4304627933.37656,574079347.87785,2985938675.95293
2022-06-19,4078301158.1158,589828514.04926,2844708919.25849
2022-06-20,4237395035.54165,620577994.37166,2910953535.87271
2022-06-21,4309694680.18098,640206398.63393,2967359973.80695
2022-06-22,4319556668.76422,639161802.64819,2966191991.14453
2022-06-23,4221988694.44386,591478854.1861,2946217082.86097
2022-06-24,4433143385.681641,669231479.79584,2947977025.14498
2022-06-25,4589774923.09791,676276628.59056,2950925002.17012
2022-06-26,4620570017.612169,685080227.82955,2950925002.17012
2022-06-27,4555747824.28426,667811135.66258,2947977025.14498
2022-06-28,4517152419.61303,659675767.28325,2956820956.22041
2022-06-29,4441954074.943911,642116977.50731,2945471244.6736
2022-06-30,4342804401.03965,621629231.23755,2950925002.17012
2022-07-01,4271944324.71835,598815108.48345,2919455347.4267
2022-07-02,4360113556.8282,587185731.60514,2962716910.2707
2022-07-03,4353178228.17473,586497963.52895,2950925002.17012
2022-07-04,4399533587.53676,582506926.6858,2950925002.17012
2022-07-05,4486140556.6029,610867453.06274,2947977025.14498
2022-07-06,4449691354.51017,607304796.65319,2946647487.50664
2022-07-07,4534812890.8556595,620507433.10057,3084061959.95923
2022-07-08,4591656415.8399105,648782545.51352,2937248386.1134
2022-07-09,4560361973.0667095,631661891.37947,2901607495.67799
2022-07-10,4627907997.306601,632810800.60622,2989343798.39633
2022-07-11,4411900486.49995,605484475.23839,2938444235.40038
2022-07-12,4264600585.63998,584914200.51946,2801517194.46134
2022-07-13,4193398276.58514,563045262.15118,2767652817.48034
2022-07-14,4261177788.63739,596040653.08308,2844936103.38439
2022-07-15,4408045983.099771,621605156.7791,2835142177.49148
2022-07-16,4464552069.39716,636929741.78583,2839127613.74129
2022-07-17,4653099631.61297,677543282.39541,2885008280.50791
2022-07-18,4770872306.691589,662805843.46184,2884780334.32509
2022-07-19,5209591347.9028,729861289.18754,2991407073.87031
2022-07-20,5141811390.2114,715612502.57943,3018754839.46941
2022-07-21,5055241869.910049,690923593.37302,2962468965.09909
2022-07-22,5082407531.47101,704908954.31088,3021761177.82719
2022-07-23,5212215118.19971,692846261.85569,3002408202.26926
2022-07-24,5303490727.91806,703387972.13512,3007279341.46701
2022-07-25,5982009936.68593,707316235.69744,2986567118.56779
2022-07-26,5176423974.7847805,657094852.17389,2897562604.70741
2022-07-27,5307293271.905,656502273.90574,2927601593.73216
2022-07-28,5558242592.53553,712801077.32522,3005369789.80242
2022-07-29,5662900242.596001,751837080.83287,3094032779.03186
2022-07-30,5697817699.36624,761232729.11774,3172377108.79355
2022-07-31,5683692718.7114,758564047.70196,3144316959.04344
2022-08-01,5646072455.9066,746379772.96235,3127049525.72643
2022-08-02,5600912277.178679,734186037.5591,3110703722.38157
2022-08-03,5473920000.944281,731673336.75507,3075136301.13575
2022-08-04,5487385930.59432,742458209.73768,3203830092.62054
2022-08-05,6156072644.476,718259847.86278,3211665717.79896
2022-08-06,5735423541.52031,757862977.60729,3257058444.86844
2022-08-07,5690530170.74346,747974036.77453,3211314050.29632
2022-08-08,6356446726.97236,753840589.95073,3297391360.38242
2022-08-09,5678024061.592871,776923076.865,3333309755.15893
2022-08-10,5573504275.69075,736186053.99349,3295083647.42477
2022-08-11,5812194185.38986,812063215.80728,3397797162.81235
2022-08-12,5840244737.94772,807592897.66069,3347857942.40752
2022-08-13,5705216598.37168,841593477.21048,3348443296.05415
2022-08-14,5635337641.23146,839308028.14946,3354045629.77689
2022-08-15,5508768689.33901,823574546.55764,3301276949.81614
2022-08-16,5488833776.885221,799446708.10479,3305070403.55836
2022-08-17,5454319495.72738,805088802.29701,3285377132.55672
2022-08-18,5387178272.32848,783222527.79377,3209332613.50185
2022-08-19,5368753094.1743,763208304.88801,3133858625.73148
2022-08-20,5034983551.94001,693250102.80558,3067099443.8258
2022-08-21,4922479948.98989,684162539.08275,3074151948.08758
2022-08-22,5023078500.30637,696963364.59434,3166948354.75347
2022-08-23,4948138361.32444,699177009.31677,3133574799.07018
2022-08-24,4946291334.20607,711178343.9057,3134968810.3376
2022-08-25,4963418050.86625,705672881.8017,3134266283.32216
2022-08-26,5035874742.2367,718070015.63852,3154137276.53512
2022-08-27,4799318515.36901,647636394.64408,3048987987.42841
2022-08-28,4732242944.16744,636808788.4944,3031698217.44176
2022-08-29,4634566655.62425,619951718.85371,3025088405.74938
2022-08-30,4902440281.53691,652254425.42124,3091607123.69049
2022-08-31,4855903746.670959,644211368.40383,3036753555.40628
2022-09-01,4741151761.93746,647432696.76506,3005312483.50554
2022-09-02,4909151631.97561,655198110.836,2990758460.51537
2022-09-03,4893624845.03399,653130065.00362,3011177907.89963
2022-09-04,4882708009.72081,645235687.27296,3015913650.34702
2022-09-05,4816578534.87718,653177563.51558,2998550710.91014
2022-09-06,4785551632.05744,669245931.81686,3015478599.33132
2022-09-07,4633647864.09587,626320076.07974,2887115098.56544
2022-09-08,4653115294.4376,649507352.08912,2925228587.49457
2022-09-09,4673757370.18718,653507209.74956,2938356981.04294
2022-09-10,4769481905.05614,642749697.44851,3007553941.37094
2022-09-11,4862536871.87974,659098911.94064,3036559695.28197
2022-09-12,4754040144.09585,650445912.38161,3018402895.88269
2022-09-13,4656894516.2643,634056223.48137,2992020896.57503
2022-09-14,4495144843.50897,589105430.43201,2893488098.12166
2022-09-15,4357669656.4387,558009372.55212,2872703526.86178
2022-09-16,4272975538.12059,536040306.01793,2863716939.05976
2022-09-17,4279882825.1349,533706630.94609,2898596793.58493
2022-09-18,4398279016.32994,548328783.33484,2908822966.66319
2022-09-19,4237326396.80003,508071298.26248,2858662429.07244
2022-09-20,4333072720.429529,523856346.59925,2886378592.50713
2022-09-21,4246866911.502,501852687.26921,2853994251.26176
2022-09-22,4127811834.18517,482115338.14678,2837497608.34392
2022-09-23,4368190151.94688,514621148.08228,2901619201.82087
2022-09-24,4365832395.4631405,514586713.1874,2905736226.84551
2022-09-25,4360666863.206699,508678285.22707,2894066635.45598
2022-09-26,4321624327.32286,502195126.74403,2897287512.90404
2022-09-27,4427339830.00674,511682099.97371,2914112207.5059
2022-09-28,4411079320.73967,504936719.8661,2897611188.99184
2022-09-29,4435618636.6285,509261978.13036,2933464892.92721
2022-09-30,4447047443.515329,512906610.23462,2951181093.86784
2022-10-01,4444171751.34191,508749932.16195,2941054417.67425
2022-10-02,4413387115.15818,503514941.20346,2923055562.57358
2022-10-03,4335257509.69668,493741079.9149,2929205193.30478
2022-10-04,4386971069.96321,508099264.20432,2954224670.64965
2022-10-05,4452703119.58043,517767474.67774,2997528039.478
2022-10-06,4437351200.68508,521331689.99605,2990171152.90331
2022-10-07,4398463219.9615,515735670.37905,2881667526.02539
2022-10-08,4389777119.43091,514500937.70663,2880951814.33277
2022-10-09,4366401206.42877,508883238.49978,2859992216.18556
2022-10-10,4405357784.62838,511354565.15929,2870235914.3281
2022-10-11,4329011448.19088,495728240.74576,2859636738.81027
2022-10-12,4342254188.95704,493638062.22067,2848454504.44673
2022-10-13,4323778961.91979,495255542.56961,2839762389.56176
2022-10-14,3942493071.03725,481646570.25014,2846988317.53959
2022-10-15,3956688756.7928896,498893550.69775,2836678191.33839
2022-10-16,3964570496.29676,491459528.42563,2835507043.57341
2022-10-17,4024126152.90239,499732351.70328,2854968141.9714303
2022-10-18,4051988591.41912,510200968.23502,2824352044.48671
2022-10-19,4087986961.29806,502330567.75021,2839568966.993
2022-10-20,3884466336.94312,495630726.9007,2855482889.8666596
2022-10-21,3875918979.97888,485760026.89048,2821229707.93454
2022-10-22,3959855215.3167,491872369.05386,2824432307.61103
2022-10-23,3979945407.10521,494514011.00982,2831984570.11167
2022-10-24,4040641124.82524,505456255.76105,2858717158.1629395
2022-10-25,4022504373.61205,499000044.30389,2844473673.3448796
2022-10-26,4146610630.3849096,526727152.79676,2944053620.5615
2022-10-27,4284026992.55455,555296843.29064,2972528502.77332
2022-10-28,4192331526.24589,538408249.266,2941522621.23472
2022-10-29,4167742051.27213,554128879.55269,2967158187.4105797
2022-10-30,4206175173.77604,570524763.10563,3068719351.46974
2022-10-31,4245839302.4087505,567499983.13461,3161456934.6075
2022-11-01,4217459891.77009,562911043.67305,3092852009.5095396
2022-11-02,4246736763.20506,562095991.98344,3226005485.0001903
2022-11-03,4137375862.48657,544623539.22136,3141305877.06944
2022-11-04,4166617100.2379704,554351140.85454,3257094276.87902
2022-11-05,4371800034.65109,586172199.83015,3316509856.51133
2022-11-06,4380485032.644529,582582536.97558,3367893597.9032702
2022-11-07,4403382469.87562,566761124.84264,3244876136.2502103
2022-11-08,4453856470.54706,564101885.01187,3348060839.1621103
2022-11-09,4032150246.62665,477721116.11792,3239002089.1935196
2022-11-10,3671736344.2540097,386332703.60715,2937057674.8713202
2022-11-11,3910731849.24587,433776744.17162,2825730717.1736903
2022-11-12,3853265926.41055,428141593.16019,2767810167.95022
2022-11-13,3808143113.55238,420475900.91126,2806383902.40662
2022-11-14,3734387422.64532,404150711.66293,3008398988.77179
2022-11-15,3800496894.7780895,416096552.37166,2693344627.17214
2022-11-16,3827376125.70095,424261340.28833,2838876878.89183
2022-11-17,3797740288.23664,412891336.74681,2574215535.8246803
2022-11-18,3770860171.2839003,411311001.56823,2862343078.8502398
2022-11-19,3778219692.79903,411029670.66304,2818594304.33783
2022-11-20,3787628319.67606,412246707.78026,2490320839.17079
2022-11-21,3683861572.68357,392649436.99917,2514993036.67375
2022-11-22,3643989200.4010096,389322783.25444,2792139273.33941
2022-11-23,3724151605.06756,393879833.23608,2857721110.97695
2022-11-24,3517835894.0905905,404455437.79338,2800586036.26273
2022-11-25,3533979909.94804,406959570.68769,2841951797.15297
2022-11-26,3536755229.36305,401200056.29773,2662149246.11058
2022-11-27,3526039412.28605,405551932.46992,3132302242.67729
2022-11-28,3429909402.9239397,402367201.09431,3053519907.46109
2022-11-29,3412849575.91021,394590731.45736,2866771614.99038
2022-11-30,3565852416.3596597,412456406.61239,2802632091.30504
2022-12-01,3483035377.4267597,427025705.26076,2788653126.86077
2022-12-02,3491869897.84632,418223914.15185,2821130098.03634
2022-12-03,3496032281.2526803,419806985.18631,2421866064.48204
2022-12-04,3450540301.99234,417486995.2266,2795932153.20455
2022-12-05,3508901536.7410903,433280415.91634,2867201664.0702496
2022-12-06,3482131343.97939,430008688.47441,2701126150.28886
2022-12-07,3505613927.92218,431055415.4869,2987498934.57763
2022-12-08,3457971713.2561703,418933027.07095,3415326489.70391
2022-12-09,3540169455.55585,434638027.61035,2914085878.56389
2022-12-10,3530595684.19898,429912981.79417,2915397232.4387803
2022-12-11,3524713629.93215,431188280.56168,3108416028.0595803
2022-12-12,3501672834.1666603,429149178.93939,2897521906.2242002
2022-12-13,3521758764.76447,433409871.07931,2897575621.43155
2022-12-14,3586258925.1895103,443197230.45589,2594895873.91438
2022-12-15,3567331477.6889,436761839.89801,2580191654.9615803
2022-12-16,3494206345.55873,422307365.23242,2554858561.8380404
2022-12-17,3334314710.48723,395173526.32307,2397094995.8392696
2022-12-18,3324294188.74186,398670569.19946,2424698159.59831
2022-12-19,3337397028.1483197,396557018.07505,2447952633.7877398
2022-12-20,3291900753.20326,388792933.069,2416872348.17055
2022-12-21,3351111619.12109,404184680.71912,2464433238.55828
2022-12-22,3398873600.0294504,401474891.25178,2446082682.2410398
2022-12-23,3366069979.70438,401621463.15937,2424989418.18612
2022-12-24,3372592042.5323997,401212120.87708,2420299601.85757
2022-12-25,3371231153.27282,400838138.06672,2416884430.12005
2022-12-26,3361685563.69143,401496413.13283,2401321797.42175
2022-12-27,3367994798.3511696,403326420.50506,2401730317.51721
2022-12-28,3336142112.48696,399278491.97454,2427589645.08253
2022-12-29,3306760142.24516,392700655.85461,2407939356.52784
2022-12-30,3314978528.8457503,390639132.74691,2410561639.6849
2022-12-31,3306274916.75381,388460985.21719,2401272682.26054
2023-01-01,3265140608.41401,385911194.91797,2390841389.51614
2023-01-02,3281285946.96879,388810102.20948,2379485033.38267
2023-01-03,3299441806.40727,392326103.60382,2392568450.4684296
2023-01-04,3328335797.8641,379604112.48372,2389330131.25251
2023-01-05,3372590297.6648602,389385889.11989,2459544266.13996
2023-01-06,3378365249.7323203,387203372.04334,2444661863.6445203
2023-01-07,3397074154.97748,390567232.89687,2501356130.78155
2023-01-08,3391357271.66372,388837300.79779,2486102719.99653
2023-01-09,3433553905.90118,393134739.75251,2565572480.89509
2023-01-10,3436546068.4836597,395944201.89844,2559477070.26961
2023-01-11,3443764526.02967,398079908.60578,2565525773.95539
2023-01-12,3526912002.89258,411514724.52983,2630320981.86819
2023-01-13,3537140590.39684,415990618.67573,2615530951.47566
2023-01-14,3724549866.78413,449788345.40233,2709565003.0641
2023-01-15,3579377583.02506,445472668.37421,2670467098.20568
2023-01-16,3615926369.39046,449964017.63829,2677810050.26809
2023-01-17,3629705206.12679,451882369.71467,2635314330.27488
2023-01-18,3664226247.34418,453264702.23977,2646450367.93503
2023-01-19,3587385374.18872,437230621.25811,2582879568.26524
2023-01-20,3738867430.6894097,443839379.80606,2617021378.29355
2023-01-21,3882788640.04364,472786462.57176,2675632764.2279997
2023-01-22,3866644851.02037,471659643.68987,2666953830.46734
2023-01-23,3797422583.10002,474486647.02063,2689451577.1207
2023-01-24,3797434356.1843996,480167918.64295,2699067493.12258
2023-01-25,3739161304.99784,458040505.87877,2670486512.47612
2023-01-26,3831163576.44072,476624587.1729,2708268131.67133
2023-01-27,3815241173.1612606,472999984.53003,2680498310.31303
2023-01-28,3835670641.3035603,480972886.3443,2717339388.64023
2023-01-29,3817542276.32102,475715200.90368,2715712941.4973803
2023-01-30,3905539515.1760497,495527463.49739,2776193144.50712
2023-01-31,3799362675.11302,472342725.70683,2690686886.92918
2023-02-01,3827653876.13717,479703658.61453,2736320200.31186
2023-02-02,3970690376.85248,510312581.03659,2788550356.67208
2023-02-03,3935783453.8350396,510733496.36262,2798855620.25145
2023-02-04,3996002672.2862296,526105565.64801,2824266740.1472397
2023-02-05,4002613587.78605,528934011.47275,2811666728.85582
2023-02-06,3971074605.12995,522098308.2448,2808131536.62798
2023-02-07,3959753064.77083,523510941.49869,2787844906.4254503
2023-02-08,4070124079.89863,544789626.80251,2837432943.21281
2023-02-09,4024207885.1029897,535048252.11911,2812756677.4576597
2023-02-10,3914243867.7485695,500378408.3604,2684760117.3726196
2023-02-11,3893070318.4677896,490669777.25355,2693787504.56317
2023-02-12,3922324622.69493,501275116.9099,2709136317.7507
2023-02-13,3894614915.2897,496379178.16461,2712778341.79502
2023-02-14,3861197736.09576,489740630.1338,2525773134.43903
2023-02-15,3926125503.39666,504043323.47921,2536288003.69974
2023-02-16,4123862279.21902,542189763.01658,2651702605.5866904
2023-02-17,4069279722.61376,532059786.46606,2591252018.51052
2023-02-18,4157442470.52436,550451654.94004,2637016681.84958
2023-02-19,4187161223.07712,551024300.11828,2656935672.2248197
2023-02-20,4158408303.9293404,540284680.76774,2619424170.82566
2023-02-21,4211607227.40314,548081166.69532,2588976987.7828603
2023-02-22,4132572486.8368998,536061006.96956,2561837839.86759
2023-02-23,4120505240.6097097,543674593.9951,2565592642.15133
2023-02-24,4115110650.94027,536656779.07019,2553727586.24016
2023-02-25,4059655519.9736,515393879.83577,2519207452.31193
2023-02-26,4046730320.8798103,512301165.9004,2522983080.28886
2023-02-27,4120892163.69215,529204988.20593,2567426212.4173403
2023-02-28,4107601585.19874,526363700.48438,2543976787.67243
2023-03-01,4089844113.7381296,520828081.30311,2544569194.59013
2023-03-02,4195191837.9348803,540473864.61907,2545997203.85839
2023-03-03,4154833147.0099697,534478807.33409,2532377660.91532
2023-03-04,3945731425.55184,510405220.54335,2487592517.8660703
2023-03-05,3936960648.51648,505052824.53387,2484356173.13261
2023-03-06,3950733978.80201,504777944.07093,2486182793.85028
2023-03-07,3944658458.0453997,507495908.83918,2490698289.5686
2023-03-08,3942757420.05083,503402950.87558,2505776895.61604
2023-03-09,3848565621.4117,483195727.76049,2486661424.2494497
2023-03-10,3655795342.6911,455789270.76288,2404579405.53962
2023-03-11,3541782585.9885902,454275731.04203,2406905806.92561
2023-03-12,3321665171.94594,432774814.80141,2319954804.8857203
2023-03-13,3559649698.3049,461938973.91841,2388055045.50213
2023-03-14,3601820576.12078,473126263.63937,2492704772.40709
2023-03-15,3630498173.10242,480826700.23146,2501439928.81176
2023-03-16,3538534826.6576996,476223676.39351,2490976762.9593296
2023-03-17,3578424801.62338,483783207.02324,2317956568.58006
2023-03-18,3789519533.07306,516268738.71178,2361103769.32841
2023-03-19,3771020626.1658297,515855747.62943,2314229823.02802
2023-03-20,3757247489.0502,511297380.74243,2315805640.80735
2023-03-21,3747586183.44592,494701281.6488,2298537391.46683
2023-03-22,3810720145.87216,509215155.16391,2306980751.78405
2023-03-23,3872687452.4337597,490618371.59494,2423761127.4742203
2023-03-24,3912636725.20977,501637694.39836,2481582307.41078
2023-03-25,3803241819.9450603,485461694.44953,2461503890.84664
2023-03-26,3797177878.09568,481362921.23399,2479779500.77942
2023-03-27,3822960884.4501705,487205002.72576,2501250904.71968
2023-03-28,3751667757.75387,472253254.72684,2424570386.43303
2023-03-29,3846124825.88085,479225910.67142,2450144456.98519
2023-03-30,3963126162.96242,480108708.34723,2469304033.75308
2023-03-31,3912243287.57529,474592485.68967,2480416254.8252997
2023-04-01,3937946256.08228,474153687.14656,2488313321.47718
2023-04-02,3935877413.0152597,474399335.29379,2478739754.72945
2023-04-03,3897345335.6746597,464923190.97013,2466262015.32536
2023-04-04,3964388621.71301,464428879.86465,2435434441.54413
2023-04-05,4050971007.73001,485960473.99462,2461663356.4386497
2023-04-06,3993168266.51794,481184138.14186,2441918728.31277
2023-04-07,3979339864.3306704,473582458.43572,2425265768.8593497
2023-04-08,4016498724.19208,462207228.26867,2399740606.59606
2023-04-09,4020089431.04501,460485698.95964,2367543195.24936
2023-04-10,4003311864.87934,456479633.17672,2350016215.31919
2023-04-11,4080503957.03095,455274435.47218,2363745100.93188
2023-04-12,4031462567.99117,450171633.0729,2354997324.37732
2023-04-13,4159592724.14237,451408533.47418,2342808648.32644
2023-04-14,4406088473.70772,488825864.79233,2374908958.5211596
2023-04-15,4389760027.06066,487647101.16383,2357373745.32028
2023-04-16,4382296243.14023,487381915.80747,2364110854.71474
2023-04-17,4346828164.6601,484148514.64619,2363863751.46247
2023-04-18,4355214898.14685,479317894.30614,2350151155.9594297
2023-04-19,4416070963.928539,490921023.28574,2375753140.68883
2023-04-20,4183670884.0845203,464764651.70111,2288250211.4589
2023-04-21,4202826250.91833,456356420.75269,2270448559.80683
2023-04-22,4065332374.6429396,435104613.07286,2259908543.9488397
2023-04-23,4081587135.99143,437139754.06807,2229522015.98667
2023-04-24,4084983706.2735996,441940112.00451,2234466809.45076
2023-04-25,4014021976.32408,435068111.64436,2204120569.92763
2023-04-26,4081894727.03776,442280606.33542,2208900422.28881
2023-04-27,4163354212.11817,453975404.24572,2149986871.00727
2023-04-28,4115182508.67948,451103964.26075,2149475083.63439
2023-04-29,4116313808.1506195,448074396.38007,2197458984.18538
2023-04-30,4130660432.01293,449922695.37553,2223389897.18686
2023-05-01,4092864128.79924,438483875.80168,2179868428.90332
2023-05-02,4010910160.24737,432533923.38853,2091450404.11281
2023-05-03,4085145532.2777996,436718386.1075,2117824608.07709
2023-05-04,4150864600.6004896,443249432.7601,2157848664.03269
2023-05-05,4119602597.99437,435693860.7227,2156322369.1732
2023-05-06,4293343677.89209,444856262.3206,2201910338.95466
2023-05-07,4159884272.08825,434227758.75098,2161870007.2546697
2023-05-08,4132906176.47729,429331892.40879,2157381089.76845
2023-05-09,4037706637.19067,415577431.25336,2114102817.8845
2023-05-10,4059315315.62126,415210722.03132,2110024815.55639
2023-05-11,4024001932.6301403,412938866.75054,2113256608.3056698
2023-05-12,4002078053.43256,396950588.34032,2083420514.23798
2023-05-13,4023578523.8029404,405090639.51399,2083672036.69129
2023-05-14,4021071889.1869497,402291593.59036,2098791730.43976
2023-05-15,4027957408.4694,397050686.04165,2100823504.8106499
2023-05-16,4088424549.25045,401256849.35606,2114362603.26479
2023-05-17,4109970329.91934,401331771.15043,2117561369.6077
2023-05-18,4118658652.9793396,399899945.62977,2129761691.2673998
2023-05-19,4089411366.86759,396067638.57193,2114031069.79897
2023-05-20,4088041151.82627,397829857.75273,2110852664.6348598
2023-05-21,4114959580.35623,400933297.65236,2129468364.5211802
2023-05-22,4075664529.1533604,394020758.64516,2080589251.79722
2023-05-23,4107082037.91752,395853550.4184,2091272098.27288
2023-05-24,4204221220.61878,398516305.41577,2091588088.86868
2023-05-25,4082659900.90489,377279030.14773,2024186163.27866
2023-05-26,4110680231.6043396,381843411.29308,2016530216.03054
2023-05-27,4131771126.64318,386824480.21746,2008173728.50124
2023-05-28,4144905785.31176,389281916.74919,1990427987.3700702
2023-05-29,4258016423.1572304,402777325.30177,2015703601.71386
2023-05-30,4193259374.47666,395074471.04608,1977518037.3877199
2023-05-31,4198566270.41817,397973880.61622,1966697372.76834
2023-06-01,4142842457.9452105,393124427.60866,1935685970.56291
2023-06-02,4135186999.77421,390322342.36554,1912398023.2456398
2023-06-03,4187430589.18312,398252005.58207,1896183531.03727
2023-06-04,4188216551.79681,394441521.33891,1888894246.0942903
2023-06-05,4185224335.01593,393647142.29037,1880038738.10712
2023-06-06,4012176132.8138003,377998418.47803,1778243135.56798
2023-06-08,4032810163.19651,378471069.49451,1682713193.09099
2023-06-09,4054510464.24795,379429400.81401,1684155703.3057601
2023-06-10,4057540174.18382,375437419.78177,1673687740.21676
2023-06-11,3841927552.86835,354922672.79807,1567625573.1409903
2023-06-12,3841513110.53191,352550162.66636,1540773053.40593
2023-06-13,3811463833.77539,348761828.01124,1527457939.31493
2023-06-14,3818491717.2757597,341397875.95131,1602586483.81175
2023-06-15,3644072437.52888,328789481.38157,1536948856.73873
2023-06-16,3653316111.6866703,330715585.52371,1512308358.59004
2023-06-17,3736633315.10857,340206402.78366,1521309719.48674
2023-06-18,3790728440.4076605,340747050.27983,1550210266.67668
2023-06-19,3781843102.5545397,339027502.85673,1551191118.23506
2023-06-20,3810474868.69174,341755368.9499,1565718163.57795
2023-06-21,3911518444.24465,353470104.55409,1582895215.94414
2023-06-22,4071642145.77049,368022557.94486,1562613728.68293
2023-06-23,4026432928.5116796,361351867.54759,1559711726.80952
2023-06-24,4024430223.36663,355612998.00782,1578962630.75271
2023-06-25,3986913425.82635,353605484.60783,1552199075.0489402
2023-06-26,4012875087.63566,359317196.7086,1558912092.20804
2023-06-27,3963786491.21476,354037326.8247,1548904503.6620502
2023-06-28,3975299616.2263603,359022782.05623,1542273361.8421998
2023-06-29,3907798967.7169,355631383.95943,1527653710.50107
2023-06-30,3945989938.8782797,354760016.60153,1534843407.98975
2023-07-01,4057052916.9199896,365362588.80835,1573064092.1335301
2023-07-02,4056497873.9733095,363360509.33105,1594552780.77606
2023-07-03,4078820370.08007,365459585.91179,1589393637.58526
2023-07-04,4111560442.39901,367285817.79224,1600480276.70028
2023-07-05,4080497987.57557,364254395.20958,1586712035.55583
2023-07-06,4050420016.65271,350866332.9648,1567458677.93506
2023-07-07,3961197466.05549,342218279.1569,1526491224.63072
2023-07-08,4015239047.78191,349615666.27834,1542053123.05753
2023-07-09,4005899807.87571,346467318.32263,1548892751.31523
2023-07-10,4004894266.9923,344261775.60794,1546264599.7779
2023-07-11,4026106573.73263,347408375.00154,1577120310.9767098
2023-07-12,4030040036.0544596,348739709.03751,1603210950.96591
2023-07-13,4030979530.4529696,347016066.93856,1580373678.00155
2023-07-14,3932717646.81922,368011415.65324,1635612257.92422
2023-07-15,3831622539.14171,356912931.93483,1601941005.41001
2023-07-16,3844996137.1152,355037508.51976,1622473377.51437
2023-07-17,3847513383.92782,352284129.94494,1595859800.0173898
2023-07-18,3843279642.5057497,348227389.087,1617103198.4598901
2023-07-19,3824943068.0045595,347131109.78586,1598793066.66304
2023-07-20,3817726614.5000505,343737804.15698,1596879241.67386
2023-07-21,3818998047.6658697,346281734.5378,1591169659.5232801
2023-07-22,3835809810.7155604,345671030.29914,1597468642.7364998
2023-07-23,3799845883.13678,341610274.26089,1585734803.69666
2023-07-24,3843490852.5121403,339732247.14896,1586723685.4573598
2023-07-25,3779588012.3892303,338799786.63942,1562070995.4427302
2023-07-26,3766185238.6715198,339804918.61177,1554122518.68985
2023-07-27,3798090515.3839803,342194878.16119,1558527367.3130698
2023-07-28,3812371636.0814095,342178650.70006,1558090945.7383099
2023-07-29,3821625491.35997,341731175.77413,1558666463.2716
2023-07-30,3825941674.42338,341938899.15371,1562467544.2333398
2023-07-31,3796091690.3917,340203796.01876,1555029312.37905
2023-08-01,3745722763.4847097,335545092.41981,1537662654.80728
2023-08-02,3773107318.80058,340060505.64331,1526041984.5941
2023-08-08,3664606766.35129,329414270.09538,1479275904.5421302
2023-08-09,3718167874.38259,328831932.98494,1496131131.7907
2023-08-10,3714955772.5766296,328012816.98576,1494737944.3542001
2023-08-11,3708687532.0627794,328730050.79843,1480086939.15062
2023-08-12,3713842360.4264297,330446792.42865,1470891378.61477
2023-08-13,3734437084.82471,329135825.95259,1478210519.4646301
2023-08-14,3718623054.03159,326535455.36113,1477909356.9495301
2023-08-15,3729610901.61267,328350081.30121,1472057380.1913798
2023-08-16,3701415053.2868,321975987.16291,1458270081.1819701
2023-08-17,3603956100.3161,313916858.30814,1420171236.74711
2023-08-18,3397404234.46325,294344288.14111,1374412217.7064497
2023-08-19,3338251565.79179,291156245.8641,1366006644.65322
2023-08-20,3350002973.8897853,291624512.99776,1365647694.1682
2023-08-21,3356958899.466875,292753976.51962,1364104826.89294
2023-08-22,3352023956.8658257,291151833.47739,1340694678.7551599
2023-08-23,3336862370.07498,286468033.36222,1346729595.7019
2023-08-24,3438396719.9377804,293157527.97733,1359434496.97807
2023-08-25,3393346174.64345,286381966.74519,1361913367.7014
2023-08-26,3381887956.2340097,286032596.46667,1358706083.57336
2023-08-27,3384347063.55097,284864378.66626,1351654261.3764
2023-08-28,3342366246.4050903,286644715.07507,1355827271.36349
2023-08-29,3341532609.20093,286079803.16811,1361093103.48205
2023-08-30,3424051090.8368998,295459578.92678,1393673752.0889401
2023-08-31,3399259435.31262,290184356.35661,1375018454.4982
2023-09-01,3294537714.50958,281274714.51614,1350317255.84152
2023-09-02,3263246363.6434603,278397175.57879,1364172514.26049
2023-09-03,3275099420.17726,278175296.88225,1363566696.01844
2023-09-04,3280207688.54567,277913763.61667,1364944768.11261
2023-09-05,3271034626.19239,273597678.91848,1369704049.50825
2023-09-07,3297357875.3622003,273745048.45855,1369494569.6500099
2023-09-08,3330133641.42901,276467555.35373,1386775990.87651
2023-09-09,3292031524.29064,273699526.48234,1373415191.2744899
2023-09-10,3279358883.77687,272927393.65399,1367524762.63556
2023-09-11,3252486584.0827303,268392941.73403,1354571445.98827
2023-09-13,3189751334.1339903,265810164.93012,1344666966.6588302
2023-09-14,3237798088.78548,269489790.90849,1357087060.34812
2023-09-15,3265661742.0991697,267441365.7945,1356116017.51049
2023-09-16,3297545029.8930902,270132869.37754,1364116818.6539
2023-09-18,3248892446.15172,273570225.25879,1365542071.01632
2023-09-20,3254466647.7374096,262282158.34174,1369583944.16993
2023-09-21,3228643502.86697,263324726.91123,1364163251.45054
2023-09-22,3167907222.7486897,258254815.73084,1341742243.46065
2023-09-23,3187240925.3034,259080561.36722,1348555938.56209
2023-09-24,3183074771.74368,258675359.73958,1355152599.00312
2023-09-25,3143072548.0889797,255452192.75783,1341142543.36269
2023-09-26,3163220745.18985,257000066.61634,1352294407.43459
2023-09-28,3164460651.35751,259492118.76838,1364301423.9590101
2023-09-29,3209069657.2332497,267434631.94928,1379848831.69717
2023-09-30,3213325499.57967,265814457.58769,1380137881.25112
2023-10-01,3208041367.97278,269058241.57916,1382422640.18641
2023-10-02,3281049396.58387,273594730.18097,1391856940.2990198
2023-10-03,3220923271.66462,265756225.96506,1370648034.60471
2023-10-04,3168827560.2758303,261635631.86296,1350626777.18027
2023-10-05,3177889555.81771,263524887.52559,1366154266.18765
2023-10-06,3128076253.07451,259917545.84781,1356552034.44332
2023-10-07,3183615393.8915997,265252783.15371,1363501862.6149302
2023-10-08,3166445175.5661597,267241498.95177,1357087741.6535602
2023-10-09,3095161182.06695,266150597.25224,1351042082.91625
2023-10-10,3060141672.29457,259154995.88001,1317837412.0426102
2023-10-12,3028849270.94773,256836799.83159,1305819567.37529
2023-10-13,2993932167.8827,255320556.66302,1294100030.90057
2023-10-14,3014216422.7977,256311725.29834,1304120400.29643
2023-10-15,3026012060.0593,257527258.11355,1307279469.55167
2023-10-16,3021386263.61618,257493867.34155,1318649984.83886
2023-10-17,3072264577.5652,264188753.9066,1331477766.17345
2023-10-18,3024008380.5669203,259225666.37705,1309163185.42981
2023-10-19,3014230318.86854,256619243.06602,1307520923.16188
2023-10-20,3020532278.16024,256394341.99044,1312446431.36286
2023-10-21,3056596485.37821,259024586.63437,1315672971.65338
2023-10-22,3121406923.92216,262729086.72063,1331056332.35658
2023-10-23,3191392826.54607,265443795.46611,1345897968.0257602
2023-10-24,3332256126.30524,281231082.73219,1404637194.825
2023-10-25,3319234378.18796,282083316.654,1378593016.50688
2023-10-26,3332396674.39027,282036152.7227,1369256596.4106598
2023-10-27,3341243677.89525,276403574.08769,1371202585.105705
2023-10-28,3328218815.29895,275486099.46478,1383444441.875385
2023-10-29,3325987338.4556303,274488378.68934,1386691684.64736
2023-10-30,3352848616.3662,276767504.90564,1416377725.02127
2023-10-31,3416052973.8936996,270557202.23255,1403598675.41881
2023-11-01,3331561718.9633102,276137768.55829,1398605936.6951299
2023-11-02,3378539555.4941797,270531797.48799,1401839282.46426
2023-11-03,3284719080.4545403,270849200.40301,1403923684.0026102
2023-11-04,3371874491.42278,279230749.26558,1427246880.3780599
2023-11-05,3408363489.75887,286774819.50656,1456387677.58124
2023-11-06,3409140790.32505,285338579.87087,1463099309.06025
2023-11-07,3406061941.5731,287093327.50373,1486054078.3027499
2023-11-08,3428411394.23592,286312355.9294,1470952779.55265
2023-11-09,3454697327.94662,289052424.64044,1469420243.80646
2023-11-10,3665764946.26159,317345450.23956,1497705364.14723
2023-11-12,3614282310.6493597,310500367.08902,1482046553.6467001
2023-11-13,3632739719.26632,312994671.16444,1479797998.46291
2023-11-14,3603354999.38504,307760524.38877,1434909950.1259902
2023-11-15,3562563234.68938,300864079.02888,1451097601.67165
2023-11-16,3689660544.79925,314380925.9493,1487969595.39578
2023-11-17,3582615844.35686,299518269.93487,1444956996.7844403
2023-11-18,3553046642.1953106,295779670.0528,1449526291.10868
2023-11-19,3546640501.5913906,294760700.85242,1448200268.7545402
2023-11-20,3657152373.2473702,305678657.27228,1468865905.1391401
2023-11-21,3667310409.78454,307779359.8472,1486633503.0879102
2023-11-22,3493732051.26217,288908818.50763,1376269076.32237
2023-11-23,3750438349.35056,310917958.15012,1414427661.76643
2023-11-24,3740202368.369685,310731825.92247,1406735306.77725
2023-11-25,3737769244.3258,310676962.60348,1409461548.6802301
2023-11-26,3738857992.0795803,310582317.86437,1422201075.72455
2023-11-27,3745543256.4711103,310312011.6832,1418135271.14439
2023-11-28,3701851745.0227404,304301614.20879,1436371513.6177301
2023-11-29,3712621850.55356,308060857.68708,1442771688.5599
2023-11-30,3699064978.5972996,303780347.29204,1423433042.5380201
2023-12-01,3765056359.02631,303940027.94016,1422788927.50354
2023-12-02,3819576046.56073,307722409.73172,1423516924.18651
2023-12-03,3910857372.18297,317331768.11367,1439297602.7863398
2023-12-04,3902805168.5974703,318777451.67235,1425352323.5248702
2023-12-05,3935311121.4494,322400813.52184,1429024596.11199
2023-12-06,4001207713.4001904,320649557.82039,1433090799.94823
2023-12-07,3920983183.61067,313223790.72078,1427152464.12046
2023-12-08,4061871335.98166,325828531.21298,1456227861.0809197
2023-12-09,4135038206.09112,326109308.86672,1485831822.23347
2023-12-10,3879038662.8789196,320304968.90652,1459162158.8410301
2023-12-11,3806395924.1067,306268379.74822,1417269620.01082
2023-12-12,3825607608.59482,303919679.90117,1480597948.35431
2023-12-13,3805942767.01301,299288039.87513,1464670149.6306
2023-12-14,3856039332.4791403,302909849.17073,1450631416.25627
2023-12-15,3855281055.98695,304766490.40334,1447813745.4433098
2023-12-16,3845710785.8762603,296022569.79962,1417657305.51197
2023-12-17,3836368501.04501,297220940.32441,1409253645.37339
2023-12-18,3764976588.5258102,282826030.39802,1406822957.4397302
2023-12-19,3822775283.82812,295806414.56598,1438577056.93312
2023-12-20,3797126891.89975,290017517.34972,1438708607.9056997
2023-12-21,4036731717.5581303,293123175.11403,1470273536.55903
2023-12-22,3829538357.00912,299003814.55473,1512761148.64601
2023-12-23,3856572843.05669,311710669.21755,1515125024.3326101
2023-12-24,3859707477.56114,310272812.59191,1510794375.27353
2023-12-25,3863478940.81439,306169695.68947,1484830734.36391
2023-12-26,3613721700.81054,312045987.33234,1507356393.5474398
2023-12-27,3609431686.7279406,303089880.94866,1592882163.1795301
2023-12-28,3792380895.8875403,314594921.42181,1673185151.6053102
2023-12-29,3738925561.10388,311859502.92016,1669951318.08138
2023-12-30,3711771743.1968603,306164480.38429,1641242000.54361
2023-12-31,3726205093.34188,304288536.99473,1655611799.58957
2024-01-01,3712660767.15427,301947205.23099,1639297119.1493201
2024-01-03,3825481818.82375,311785986.4088,1644561123.8761501
2024-01-04,3658153417.85386,291613218.38507,1634356579.40535
2024-01-05,3933689253.603385,297005868.0141,1656175894.83892
2024-01-06,3909673532.5197053,294745989.24635,1607063732.1274402
2024-01-07,3907366110.536685,290172276.48914,1587316108.85198
2024-01-08,4064144133.71232,282845398.69755,1562801199.2735
2024-01-09,4148107797.38001,299734043.21628,1568798978.67766
2024-01-10,4241100624.40596,302240432.79345,1578828645.49682
2024-01-11,4429896113.41375,323152815.00565,1620510679.4046
2024-01-12,4448909442.51978,326731773.81086,1637976274.88469
2024-01-13,4334564639.09387,313677226.75717,1613194502.82152
2024-01-14,4419600831.99496,318866746.4088,1633051698.5669901
2024-01-15,4363421134.70955,312221838.98218,1632629271.50059
2024-01-16,4387176309.761499,316131618.97694,1618566275.70016
2024-01-17,4468851132.30922,320650543.58867,1622114237.48048
2024-01-18,4393439726.27454,314113361.88209,1609744304.8589401
2024-01-19,4291940013.2547703,303218101.49987,1588406830.52496
2024-01-20,4339333041.18851,307293076.08802,1597309202.283
2024-01-21,4327815060.64586,308346509.2146,1609312538.9158301
2024-01-22,4336745102.81549,307071014.74056,1609846499.11788
2024-01-23,4150345948.9794602,291466185.01681,1555238578.0627398
2024-01-24,4063329531.64848,283107484.0062,1527544172.2104602
2024-01-25,4077040103.1094103,281882564.53156,1516247431.94089
2024-01-26,4064324322.48084,281832845.85586,1519104046.52341
2024-01-27,4154549030.43085,289975146.036,1562413124.12263
2024-01-28,4093631754.9653597,291928838.20379,1567794658.7420602
2024-01-29,4089610732.2745905,290362750.75759,1563792504.3691
2024-01-30,4163772305.33255,297953155.47113,1573533639.6017501
2024-01-31,4186994057.74831,297423110.82138,1562300306.62326
2024-02-01,4065308870.21616,289943767.52528,1530413384.0654101
2024-02-02,4131088908.52671,293167545.45672,1533676815.36367
2024-02-03,4128534548.16079,294715404.20846,1537617838.72446
2024-02-04,4108465257.58484,291625612.53848,1526538712.73267
2024-02-05,4100253008.41774,290508659.6151,1554164518.09993
2024-02-06,4149197722.3378096,290357760.92128,1545846292.3936
2024-02-07,4251068660.5075803,297251731.69245,1566665012.83712
2024-02-08,4320546724.08518,303825889.66582,1580724613.62852
2024-02-09,4322246652.96726,303497906.48089,1582779250.88546
2024-02-10,4402768087.80861,312126947.57468,1594390572.00768
2024-02-11,4424464257.48217,314736502.63828,1597628875.9115899
2024-02-12,4433893127.56562,317941163.30473,1589580785.05886
2024-02-13,4630639610.16705,330483757.46217,1627470928.40984
2024-02-14,4538551541.54581,326964435.38073,1620303027.22664
2024-02-15,4740963034.09087,345382334.8183,1651624058.63765
2024-02-16,4733805319.81668,343930290.18003,1702119503.7189803
2024-02-17,4698472082.38697,340095326.77829,1718385801.6343198
2024-02-18,4691515626.85166,338910140.91797,1696748580.9948602
2024-02-19,4835532104.45845,349159462.80945,1720478814.52886
2024-02-20,4883513474.067511,353747224.42147,1724776881.9575298
2024-02-21,4998085810.38973,353673942.53169,1827153953.93841
2024-02-22,4936387995.23441,334482686.20687,1875705003.87495
2024-02-23,4994319903.44257,333886265.26487,1892236071.6019197
2024-02-24,4937596481.56903,327920925.83029,1875679093.8761601
2024-02-25,5019300037.46917,335079118.85135,1846225291.64482
2024-02-26,5157804922.18301,344718918.99011,1861162556.42878
2024-02-27,5190790840.33183,354951546.05484,1899220141.6354
2024-02-28,5206494930.8746395,363513583.29065,1881858429.69511
2024-02-29,5368375865.44995,373129536.31005,1932942508.4351301
2024-03-01,5276228501.7482,367599424.43019,1914261166.1710103
2024-03-02,5534038569.461861,379979853.2093,1931458064.1596
2024-03-03,5587136195.81713,380101804.96998,1939894526.6046
2024-03-04,5708023860.5073395,385516506.98467,1933897679.06464
2024-03-05,5831580777.49351,394970866.41617,1923762391.64853
2024-03-06,5667325390.4880905,377314959.4186,1870661686.9720302
2024-03-07,5898065684.701839,397087446.59678,1957409999.05515
2024-03-08,5941402652.53206,405378471.7507,2047749630.86722
2024-03-09,5974809975.85402,403336801.75671,2089015225.8841
2024-03-10,6052172037.14555,413901736.00693,2111128236.0357897
2024-03-11,6005144369.220221,409264314.40108,2182826519.93726
2024-03-12,6262042349.891291,425269617.79233,2214023921.99419
2024-03-13,6142000825.6987705,414830400.79543,2239531436.2441
2024-03-14,6193736627.020081,414618927.54966,2414193577.82291
2024-03-15,6107198403.857389,415088116.41749,2353893905.74763
2024-03-16,5880764007.65854,396567355.99371,2392843445.03698
2024-03-17,5573709281.00675,377254121.73678,2264980053.8397403
2024-03-18,5732130205.19611,381771646.75198,2269072919.31342
2024-03-19,5569406309.40277,370368418.14091,2212184684.3853498
2024-03-22,5820707904.92683,360381554.10756,2316598689.5268297
2024-03-23,5718222983.1438,358191257.98014,2247326381.2070203
2024-03-24,5721833139.78647,361897230.15987,2265736994.7832003
2024-03-25,5894217641.43988,371009615.84304,2312616169.62011
2024-03-26,6055996984.816219,391976429.06264,2376329281.77374
2024-03-27,6069146042.10304,392105060.93566,2350267464.48051
2024-03-28,6000358297.842979,381136837.24841,2331172615.26378
2024-03-29,6054802882.58838,385971000.3312,2355149695.54123
2024-03-30,6008176214.72999,373387687.95274,2429227306.85526
2024-03-31,6087815914.56672,375338915.25532,2402916425.28389
2024-04-01,6114447681.93884,386553685.41482,2396175617.78327
2024-04-02,5926196050.01091,374568661.14261,2350258317.11869
2024-04-03,5818343956.64101,352710693.20382,2307544685.26383
2024-04-04,5879234453.871941,348651710.10703,2309715058.66285
2024-04-05,5900141938.68787,348944079.11455,2305310869.25804
2024-04-06,5878261235.22191,351103462.70566,2282436071.24872
2024-04-07,5925210903.0977,354177203.44047,2308303946.1093397
2024-04-08,6057735240.88923,356117590.95748,2310046248.8746
2024-04-09,6458140108.13947,377421805.78024,2357461651.07098
2024-04-10,6185383213.10242,359846326.40926,2345791033.5701504
2024-04-11,6234487509.3174095,358110592.00292,2401677008.36755
2024-04-12,7073986452.03861,353583746.72564,2373483553.16463
2024-04-13,5646380495.45846,320634086.55174,2253907165.54701
2024-04-14,5139713056.98812,294205953.49523,2043577652.14048
2024-04-15,5649999850.47309,308019348.87725,2092987688.77164
2024-04-16,5510045968.82247,473478344.81303,2044864607.01821
2024-04-17,5483680449.6824,301598155.61324,2013269590.71418
2024-04-18,5403564203.498039,291539161.15129,2024191069.37157
2024-04-19,5487627758.82653,299589428.77375,2064922868.0570998
2024-04-20,5546822869.33934,302566390.27221,2080255106.13287
2024-04-21,5709941006.38897,311181406.71716,2109801326.60195
2024-04-22,5709862621.7493,313224284.2469,2134667892.35233
2024-04-23,5783611657.93757,319752365.91111,2180480002.2949696
2024-04-24,5767014141.9366,318107264.55496,2147578457.71253
2024-04-25,5624204178.89295,307261403.32815,2129251708.0475402
2024-04-26,5683538607.49204,309571213.90069,2138114207.5278602
2024-04-27,5599852375.05667,303980035.14005,2100261793.60666
2024-04-28,5708360483.20017,311561178.02146,2086146480.6394699
2024-04-29,5805049760.62918,317707113.75534,2102784220.57267
2024-04-30,5630283169.45277,310615569.64855,2069763597.20411
2024-05-01,5370070589.460979,285528640.15126,2002422065.33983
2024-05-02,5260844574.22056,283864376.325,1952259271.4335601
2024-05-03,5340920147.5659,287662057.5453,1968812265.23824
2024-05-04,5575350296.6982,298988206.52406,2032620279.3845801
2024-05-05,5596402569.74397,299687212.12672,2040731045.8124402
2024-05-06,5597040597.54657,299911571.04342,2048994531.59718
2024-05-07,5548395966.16585,295355819.64164,2047230417.59218
2024-05-08,5510558485.27628,291986141.03109,2015878094.5650098
2024-05-09,5370022508.23074,282930967.92052,2017914925.48092
2024-05-10,5469684773.5857,286531857.86246,2045442351.99555
2024-05-11,5383118074.95181,274083438.34782,2007430097.5265598
2024-05-12,5408295671.87693,277015763.28877,2021443083.1834602
2024-05-13,5404734060.94655,276106172.02403,2020896063.7428598
2024-05-14,5398665826.76194,276060471.40469,2004817574.48946
2024-05-15,5272550879.734159,269642711.17388,1930765375.51753
2024-05-16,5491395621.94021,282980440.88947,1999420953.75214
2024-05-17,5365980521.87763,275414651.81996,1956614976.0703502
2024-05-18,5608719706.84461,286542776.04938,1982877400.7410102
2024-05-19,5638638802.591129,286680247.91584,1995084577.94061
2024-05-20,5551878594.9533,280697678.82643,1973804223.491
2024-05-21,6259337588.36751,319805452.76007,2036880213.16834
2024-05-22,6323249000.02651,327623785.68522,2088063540.49502
2024-05-23,6288345730.535589,325135931.82613,2085388790.83326
2024-05-24,6353268218.6738205,327692359.10582,2051238796.79734
2024-05-25,6285289951.43012,320979527.848,2072717970.47473
2024-05-26,6303595001.996349,321903178.58738,2069497858.85456
2024-05-27,6285744294.79837,325164612.96969,2069717426.9056802
2024-05-28,6389356209.5530205,326436166.3452,2077059809.3915699
2024-05-29,6324097878.34016,323118902.62011,2069992270.6475
2024-05-30,6249443800.90359,316111263.65025,2027965455.82892
2024-05-31,6203646900.05378,313124897.64498,2029476628.3959
2024-06-01,6134215535.88916,314283719.01057,2011977860.85602
2024-06-02,6142095731.950621,314222583.20402,2024437656.63987
2024-06-03,6105911243.8475,311547166.79402,2022789205.31028
2024-06-04,6122013860.03941,313718147.97013,2064330458.1820302
2024-06-05,6200842339.831961,317731078.08749,2191007676.6479
2024-06-06,6237117426.76405,320114925.99483,2215509163.2334
2024-06-07,6198817720.172791,318350318.72713,2220319698.92234
2024-06-08,6021214679.8436,307395821.9787,2138693004.6834898
2024-06-09,5976269351.2057295,302680477.37189,2133841188.35861
2024-06-10,6122742251.52479,306896601.18013,2110669334.3393898
2024-06-11,5994273627.23259,300865441.28316,1994679473.76948
2024-06-12,5822656039.742081,287732160.10843,1972947432.5190098
2024-06-13,5932640791.845341,293278192.71845,2002316293.2785099
2024-06-16,5868626305.34634,288446029.76617,1956938229.86586
2024-06-17,5938374133.07882,291867382.88616,1992608343.6372
2024-06-18,5743580740.262011,280029225.04763,1922122962.21535
2024-06-19,5609568562.561331,272869525.68935,1875534649.34949
2024-06-20,5763087283.85005,274880650.84695,1902447066.2403498
2024-06-22,5663235661.25083,270076223.53842,1870635492.3973
2024-06-25,5604934604.12632,266705577.24255,1832657112.2498899
2024-07-04,5452252894.32214,240186059.23567,1785162155.16637
2024-07-05,5262490482.536819,234274991.47723,1698549257.7674103
2024-07-06,5017936757.84749,223212115.36673,1653095967.6328201
2024-07-07,5134142331.9282,228936648.78321,1713527866.23767
2024-07-08,4967528976.09539,218579769.62422,1651347860.38194
2024-07-09,5046171749.520269,225404828.7995,1683522860.26716
2024-07-12,5140556216.6642,231995213.6401,1702993054.02689
2024-07-13,5153729352.12184,231256789.68404,1720242214.18099
2024-07-14,5237578917.27246,234896251.43883,1723627129.12604
2024-07-15,5311789343.22883,240340999.59025,1774713448.61669
2024-07-16,5682785369.66898,249962979.11632,1847317118.9639
2024-07-17,6038537253.66957,249931124.92491,1834335125.7244902
2024-07-18,5691503186.04646,249648229.32622,1823986908.32281
2024-07-19,5693694592.35213,250212518.6645,1821493730.22751
2024-07-20,5847441868.18666,256381047.16593,1869020118.1242502
2024-07-21,5949210309.48764,258215984.8633,1872518649.70013
2024-07-22,5859570336.7978,258826115.34015,1883149854.45683
2024-07-23,5698713375.67097,252546463.50421,1844625093.98414
2024-07-24,5722267898.287661,251967914.6948,1825261667.64778
2024-07-25,5516678789.3766,235006816.9996,1787615284.88234
2024-07-26,5318051012.54743,236124099.23885,1785131539.73656
2024-07-27,5584476452.82378,242374044.59005,1810952917.46678
2024-07-28,5573720136.222799,240611141.31158,1814635083.6680698
2024-07-29,5485429858.10267,238792150.12818,1819202646.41737
2024-07-30,5637059156.4396305,242893427.38145,1807563274.7586699
2024-07-31,5491431903.3923,236275275.06944,1796718060.77185
2024-08-01,5409489308.897369,230691561.52824,1785400216.51433
2024-08-02,5324440980.86541,227784931.02582,1774206326.5946202
2024-08-03,5010569098.6692295,215146336.00423,1694056455.1895201
2024-08-04,4939069296.002171,208570882.3487,1653820902.42698
2024-08-05,4688117900.66232,194948346.92799,1599287020.57998
2024-08-07,4342849755.24258,178607528.76792,1527183747.35917
2024-08-08,4172692123.92103,174933926.06082,1489004465.55705
2024-08-09,4482663158.98331,193331923.39573,1580041706.15524
2024-08-10,4543127872.52047,189312093.98508,1583058247.0864103
2024-08-11,4510926672.132561,189049958.35809,1608524200.90757
2024-08-12,4459124970.73131,185530765.20087,1568568988.02436
2024-08-13,4622832791.93038,192282845.07647,1590870343.9959002
2024-08-14,4705194594.85071,194340583.81558,1614563400.02546
2024-08-15,4575669557.07994,190449903.28932,1604419036.67466
2024-08-16,4420209392.975491,184627437.21186,1570827922.90678
2024-08-17,4458893983.87385,187391308.69559,1582386505.66767
2024-08-18,4481864082.61377,187295453.6959,1622565749.84072
2024-08-19,4526221713.9740505,190566689.75443,1613002816.03056
2024-08-20,4490685769.63923,187496444.21392,1645061631.90392
2024-08-21,4574266744.70881,187364200.43599,1661562311.27491
2024-08-22,4654351584.06155,192104546.19342,1679154730.29442
2024-08-23,4640646706.92845,191065972.0394,1714442057.38936
2024-08-24,4893885619.38645,201473218.67822,1761941271.34689
2024-08-25,4846037940.04654,200541869.63293,1730498357.74286
2024-08-26,4799749156.06264,201573609.75463,1723111078.89634
2024-08-27,4775220094.3232,193762352.04415,1667531121.89535
2024-08-28,4443253369.24877,179612438.57831,1605152159.34479
2024-08-29,4527402643.2119,182490852.44598,1629007686.2251902
2024-08-30,4473829849.60621,181511124.89325,1631856669.9007099
2024-08-31,4535637180.3495,180968293.78042,1627907471.71779
2024-09-01,4475136402.91247,180378777.819,1625292919.6718001
2024-09-02,4450771510.21739,176037193.87408,1577502780.82864
2024-09-03,4568940980.40464,179758423.06841,1616183418.1398802
2024-09-04,4394544321.45955,174671338.04329,1598736664.20042
2024-09-05,4406541273.07011,175328200.40027,1576963337.3328598
2024-09-06,4290634130.01264,169590079.38741,1548839266.71775
2024-09-07,4079420369.32853,161072939.74216,1512632648.60257
2024-09-08,4151244934.10086,164503525.71498,1529923327.41145
2024-09-09,4221644827.62789,166661860.35473,1554553503.99978
2024-09-10,4346466172.3107395,171827676.30159,1604104694.8366401
2024-09-11,4418865344.68301,172849729.7036,1597265536.9088697
2024-09-12,4381702382.54048,170547741.87622,1617585450.2438798
2024-09-13,4408026392.27324,172409505.38946,1630462038.74499
2024-09-14,4602544367.92868,178399699.86643,1676864214.29757
2024-09-15,4502244245.64731,175804536.10128,1660593709.54338
2024-09-16,4412145511.84473,170454757.83631,1666837077.93097
2024-09-17,4301393967.01877,167000029.16978,1591696139.51154
2024-09-18,4322942582.41401,171404029.57592,1635437973.6554902
2024-09-19,4267731494.40677,171110823.58816,1648393323.97375
2024-09-20,4500096934.62199,178323549.47492,1685322190.74531
2024-09-21,4594271563.47052,182595290.19567,1716733057.36754
2024-09-22,4631150211.51329,183137414.43158,1754021168.6423998
2024-09-23,4529714663.82177,180873497.71196,1727922261.5510502
2024-09-24,4771329769.82852,186487203.58975,1774407024.94957
2024-09-25,4810552356.36559,187307335.15048,1787938750.03326
2024-09-26,4713728416.51436,182677389.90225,1736074763.2778199
2024-09-27,4832408475.76593,186299864.85776,1788986963.5374398
2024-09-28,4906314179.98973,191486505.47846,1805882187.13756
2024-09-29,4902985459.78726,189229086.23963,1792685443.1998
2024-09-30,4881969286.05115,189852273.54095,1787713832.2433999
2024-10-01,4791020625.86235,185688204.649,1737677692.65092
2024-10-02,4592242928.26863,174521889.79124,1676299230.7764897
2024-10-03,4456990944.720369,170270833.11717,1657595883.1612098
2024-10-04,4393431706.730511,169600561.39592,1666022545.26944
2024-10-05,4623019054.938351,175624685.04522,1708973543.2160401
2024-10-06,4570097882.42631,174637591.69367,1718402097.3022501
2024-10-07,4608266848.28098,175657969.86405,1733399304.9725
2024-10-08,4652489599.23028,175733537.55039,1746002003.98941
2024-10-09,4603860918.94645,176456472.06579,1737464523.39723
2024-10-10,4556487873.18196,170737867.33312,1694560142.90351
2024-10-11,4552727848.04463,170841897.05541,1679058177.6354198
2024-10-12,4729778781.726601,175624048.17214,1741522603.69539
2024-10-13,4788991306.15053,177419748.73169,1750309045.22422
2024-10-14,4776370643.17425,177311185.50665,1734221750.93868
2024-10-15,5014220657.67696,188001747.59829,1773775429.49562
2024-10-16,4951230769.12591,184487020.0198,1778198878.12735
2024-10-17,5037812505.9448805,184504964.36757,1786788494.2295
2024-10-18,5001257268.23153,182815351.52469,1761246894.6221998
2024-10-19,5079493946.0303,185450368.63906,1778911280.86542
2024-10-20,5056098197.6238,185458228.5935,1777649076.4638
2024-10-21,5182670189.39128,190569294.52648,1796265046.9010699
2024-10-22,4994597671.0095005,187142207.24675,1784147590.12038
2024-10-23,4983415166.67583,184279437.85353,1778500985.6095002
2024-10-24,4727630021.63362,177143612.69805,1736854312.40078
2024-10-25,4789189551.6116295,179956109.72663,1764994353.95501
2024-10-26,4664901535.87204,169396288.20152,1728606553.0235202
2024-10-27,4660827686.98909,173860810.51249,1716762398.52261
2024-10-28,4771483546.28327,175394926.62679,1728882859.13868
2024-10-29,4837526120.60277,178232372.79193,1749852604.35279
2024-10-30,4994987637.15587,182162179.31149,1766987098.50438
2024-10-31,4954515550.40999,182464406.6942,1760444994.6001399
2024-11-01,4761678767.17037,173829878.69904,1709497784.82475
2024-11-02,4742440568.16451,173040853.04699,1698857440.85069
2024-11-03,4702475998.769131,171362519.27553,1687577423.18204
2024-11-04,4600066455.57574,168765912.71079,1654221455.8371303
2024-11-05,4460926879.80587,165584672.29565,1632526720.5110502
2024-11-06,4607715184.171169,158307703.23727,1742541701.02316
2024-11-07,5046235784.02722,174606593.28173,1822940479.23648
2024-11-08,5244898261.64179,181892726.32387,1771318054.5465698
2024-11-09,5359168488.40786,182862870.17061,1762801664.8345
2024-11-10,5523833470.84488,190198285.47914,1810503476.95201
2024-11-11,5611796501.9499,193978471.02824,1826794204.9863398
2024-11-12,5814178569.12941,206170417.90071,1870498044.4522498
2024-11-13,5801886260.41848,200830700.53402,1830918674.52365
2024-11-14,5646291930.85064,198145924.08316,1800982050.40306
2024-11-15,5533974807.44365,190619388.36059,1781788952.1594698
2024-11-16,5635397375.20829,195206141.41173,1784465272.5141
2024-11-17,5670127451.6194,198872316.76877,1798712036.66506
2024-11-18,5609667645.9581,193852796.22633,1784245703.2420802
2024-11-19,5716664464.6743,203283257.24877,1793353775.57245
2024-11-20,5609663094.860319,197394812.66677,1798575045.5706801
2024-11-21,5547664950.44247,194937170.94336,1777254544.4136999
2024-11-22,5943157653.26379,208703051.87819,1811265685.59207
2024-11-23,5940080517.056931,206946599.56137,1827741648.3899302
2024-11-24,5915326848.72547,211845222.26108,1873528645.306
2024-11-25,5883570262.58683,212423999.78694,1899996088.76584
2024-11-26,5985660832.8402,212880929.09508,1859854150.8475502
2024-11-27,5857274136.19304,207766497.44353,1803961522.1347604
2024-11-28,6291237649.730181,223602390.42903,1887552834.45816
2024-11-29,6185558533.95299,219885814.15472,1898193919.4948602
2024-11-30,6241718611.99436,221428238.4075,1904743217.5319698
2024-12-01,6421276065.54731,229142444.2921,1926922507.1466599
2024-12-02,6464071394.393,229322323.71478,1934947940.11811
2024-12-03,6324791094.247709,225855979.37163,1892485657.54476
2024-12-04,6415881773.03947,227618769.1196,2037118940.8909502
2024-12-05,6721859251.59715,237204856.36975,2046047710.75649
2024-12-06,6534993912.48172,234456756.016,2013889142.4587998
2024-12-07,6774828291.468861,246438065.55106,2060140808.9673502
2024-12-08,6745982118.2153,245427292.72439,2099196649.7066803
2024-12-09,6790380917.33127,246414089.11131,2090978635.3382998
2024-12-10,6318111110.01165,225574057.5423,1947973578.7850902
2024-12-11,6256931848.37644,221096188.9835,1940769180.71109
2024-12-12,6604269910.71375,232978473.75619,2025329439.5504298
2024-12-13,6685815115.00477,234759339.13279,2015056506.9325202
2024-12-14,6738505857.62886,234584372.79627,2037167727.98765
2024-12-15,6709053942.597441,231553380.36332,2004398119.1881
2024-12-16,6831607085.96342,236561156.31161,2022608358.6252499
2024-12-17,6831653645.390949,236434365.23977,2056500415.9821901
2024-12-18,6567864673.8535795,227110256.51704,2028172984.6915798
2024-12-19,6356449175.26213,215715960.06038,1950835841.93358
2024-12-20,6027343482.10032,200545302.47609,1874427208.6319401
2024-12-21,5884782896.05821,203946590.78386,1909174479.40819
2024-12-22,5643867738.3778,195159882.47065,1866401172.54162
2024-12-23,5628248409.16534,194363040.83197,1846186375.76031
2024-12-24,5875723901.027309,201592775.92282,1910231141.85506
2024-12-25,6027405651.63122,205870677.41323,1932406818.57788
2024-12-26,6031865577.09391,201253660.56851,1934735572.7669399
2024-12-27,5771130335.072479,197553264.93073,1893120189.99434
2024-12-28,5862914960.93233,195000121.14357,1897518619.00652
2024-12-30,5914810902.11776,198049057.10273,1888619301.2221599
2024-12-31,5897923749.29536,194960850.92859,1907077065.8174
2025-01-01,5877844690.92994,192977003.30196,1888644011.6054301
2025-01-02,5959316537.356131,195411864.63624,1905691201.7749598
2025-01-03,6113013477.727449,200043306.38198,1914828932.76553
2025-01-04,6354453908.09003,206664055.76859,1955426201.6397898
2025-01-05,6372929046.01243,211051672.90953,1956956704.51282
2025-01-06,6386839683.853661,210082181.59218,1951991331.09479
2025-01-07,6480842515.47201,212263454.53775,2002732834.5282502
2025-01-08,6064340676.13974,195600131.96193,1893877067.42765
2025-01-09,6093468052.4554,191356277.03236,1877519881.52173
2025-01-10,5880592733.65739,185694199.57953,1853592692.19823
2025-01-11,6030978364.36145,188341602.91701,1882799340.07279
2025-01-12,6006358398.66431,189230437.99629,1887323858.13265
2025-01-13,5891574151.51703,186479924.98591,1870041247.4223301
2025-01-14,5752077725.38678,181941745.35927,1846480946.3746002
2025-01-15,5993549389.20842,187171274.26392,1880818526.7614603
2025-01-16,6354998746.081409,196891289.06089,1915460503.7547302
2025-01-17,6169418611.18656,191547305.5667,1902137428.06237
2025-01-18,6046306167.7456,191376639.79275,1941586466.4190302
2025-01-19,6009911650.97176,188605820.64356,1882388736.29883
2025-01-20,5771817978.77854,184834376.59578,1816549612.95412
2025-01-21,5771323037.92496,184713809.659,1820146063.6522698
2025-01-22,5895949638.252991,188274677.6816,1848329282.12458
2025-01-23,5794333644.21026,183985530.03407,1851199737.4234698
2025-01-24,5874269499.497339,187019178.42344,1834583359.2607996
2025-01-25,5904430608.44895,185767721.64838,1815702967.36205
2025-01-26,5937076399.4437,185794653.94387,1831435536.5270698
2025-01-27,5809031416.01335,182942275.3485,1791833140.3627098
2025-01-28,5617844400.12146,177107489.41682,1801486144.2481003
2025-01-29,5493922707.4307,171899534.81094,1756559179.48431
2025-01-30,5634397603.69426,175366942.09047,1781596294.88686
2025-01-31,5817769754.11427,180214009.9869,1799560530.4162402
2025-02-01,5894625018.618071,181246623.32878,1795154800.33941
2025-02-02,5722117593.41239,173097250.28956,1741531526.6503499
2025-02-03,5564975933.638181,158703019.16923,1632029981.32278
2025-02-04,5313328932.035411,161595906.66345,1636162833.0132
2025-02-05,5134812120.804979,154243902.50832,1610740510.87309
2025-02-06,5026504541.143299,155777027.86551,1607306730.8450701
2025-02-07,4890451546.9522295,150841369.59256,1604700368.57684
2025-02-08,4835201363.875951,149373818.21594,1606349486.5258198
2025-02-09,4859111697.82358,149386244.71871,1676651515.2880304
2025-02-10,4841885179.2155695,150142299.88237,1691953606.9400802
2025-02-11,4894870148.91814,151139188.03901,1695529634.9111898
2025-02-12,4753282113.54755,145747280.04217,1731663617.47204
2025-02-13,4857681876.52465,151494124.72718,1837663670.95403
2025-02-14,4799268665.17947,148321958.53582,1774564088.35919
2025-02-15,4856668877.67794,149893478.50209,1767898983.58943
2025-02-16,4839688845.43606,149336494.86078,1791172253.33082
2025-02-17,4874184679.58153,147736236.47962,1814899025.63914
2025-02-18,4850261057.79397,149250567.9006,1803014126.6565
2025-02-19,4770876851.472909,146512574.52622,1772467559.61066
2025-02-20,4814506068.78526,148578153.18196,1786958255.5025501
2025-02-21,4883596375.2682495,150016778.91515,1791671739.8887799
2025-02-22,4771941813.57063,146076935.18725,1770129452.3897202
2025-02-23,4905978478.99784,150330198.89855,1817803139.4460402
2025-02-24,4944759166.68394,152254232.98776,1800044623.2205
2025-02-25,4428954509.52514,136738015.9198,1704717907.2922802
2025-02-26,4452646164.97584,131148700.96385,1694361903.18134
2025-02-27,4246809455.14382,125725592.19585,1651502167.40788
2025-02-28,4134524339.51325,125473171.25092,1656462059.39766
2025-03-01,4178241387.97494,123281344.85482,1633030295.94902
2025-03-02,4085883190.0650296,123237561.03986,1661346710.63376
2025-03-03,4495973804.097171,134344330.45645,1693808011.35847
2025-03-04,4005142950.10192,119564363.62671,1588594068.18262
2025-03-05,4099602844.12113,116293378.72408,1594149271.44004
2025-03-06,4246068899.92801,120518354.33704,1624409808.9040601
2025-03-07,4095608430.9200196,116898629.01089,1589840893.78027
2025-03-08,4060889731.48405,115388667.11468,1565927562.89101
2025-03-09,4126712162.56478,116691219.4786,1567608882.56049
2025-03-10,3874643470.42839,108589052.08451,1491322917.2086499
2025-03-11,3595914930.20821,100250503.82074,1421367657.9598198
2025-03-12,3743841987.59168,105161476.75804,1495988012.89455
2025-03-13,3695913161.45864,105308859.96455,1527974751.92494
2025-03-14,3623175536.5477295,103335349.20091,1552425518.78875
